-0.031500,1.000000,1.000000,0.205404,-0.574220,0.792515,0.031500,1.000000,1.000000,0.439952,-0.615154,0.654238
-0.031500,1.000000,1.000000,0.300321,-0.082218,0.950288,0.031500,1.000000,1.000000,0.319808,-0.537108,0.780537
-0.031500,1.000000,1.000000,0.254984,0.060484,0.965052,0.031500,1.000000,1.000000,0.260085,-0.586261,0.767238
-0.031500,1.000000,1.000000,0.173595,0.091674,0.980541,0.031500,1.000000,1.000000,0.244594,-0.669332,0.701547
-0.031500,1.000000,1.000000,0.116793,0.202488,0.972295,0.031500,1.000000,1.000000,0.206390,-0.560943,0.801715
-0.031500,1.000000,1.000000,0.115266,0.283467,0.952030,0.031500,1.000000,1.000000,0.199502,-0.569005,0.797767
-0.031500,1.000000,1.000000,0.112165,0.348168,0.930698,0.031500,1.000000,1.000000,0.193934,-0.637273,0.745837
-0.031500,1.000000,1.000000,0.089322,0.381607,0.919999,0.031500,1.000000,1.000000,0.160951,-0.627760,0.761585
-0.031500,1.000000,1.000000,0.072598,0.396714,0.915067,0.031500,1.000000,1.000000,0.156121,-0.595784,0.787825
-0.031500,1.000000,1.000000,0.037574,0.391252,0.919516,0.031500,1.000000,1.000000,0.135576,-0.614065,0.777524
-0.031500,1.000000,1.000000,0.019597,0.436209,0.899632,0.031500,1.000000,1.000000,0.086678,-0.640442,0.763099
-0.031500,1.000000,1.000000,0.018760,0.486236,0.873626,0.031500,1.000000,1.000000,0.053852,-0.413691,0.908823
-0.031500,1.000000,1.000000,-0.048020,0.462913,0.885102,0.031500,1.000000,1.000000,0.070403,-0.400382,0.913640
-0.031500,1.000000,1.000000,-0.047692,0.438804,0.897316,0.031500,1.000000,1.000000,0.091919,-0.455712,0.885368
-0.031500,1.000000,1.000000,0.010245,0.452323,0.891796,0.031500,1.000000,1.000000,0.091576,-0.464069,0.881053
-0.031500,1.000000,1.000000,-0.016494,0.498512,0.866726,0.031500,1.000000,1.000000,0.072616,-0.451105,0.889512
-0.031500,1.000000,1.000000,-0.094830,0.511366,0.854114,0.031500,1.000000,1.000000,-0.004102,-0.293931,0.955818
-0.031500,1.000000,1.000000,-0.097042,0.500303,0.860395,0.031500,1.000000,1.000000,-0.109947,-0.873797,0.473699
-0.031500,1.000000,1.000000,-0.088097,0.477273,0.874328,0.031500,1.000000,1.000000,-0.128396,-0.876736,0.463517
-0.031500,1.000000,1.000000,-0.079148,0.452005,0.888497,0.031500,1.000000,1.000000,-0.132304,-0.884590,0.447209
-0.031500,1.000000,1.000000,-0.067195,0.434121,0.898345,0.031500,1.000000,1.000000,-0.170816,-0.868181,0.465922
-0.031500,1.000000,1.000000,0.027182,0.505773,0.862238,0.031500,1.000000,1.000000,-0.172180,-0.856449,0.486671
-0.031500,1.000000,1.000000,-0.020492,0.447739,0.893929,0.031500,1.000000,1.000000,-0.180839,-0.864210,0.469509
-0.031500,1.000000,1.000000,-0.002009,0.491224,0.871031,0.031500,1.000000,1.000000,-0.178477,-0.847559,0.499791
-0.031500,1.000000,1.000000,-0.021264,0.465782,0.884644,0.031500,1.000000,1.000000,-0.170935,-0.879928,0.443292
-0.031500,1.000000,1.000000,-0.074175,0.432917,0.898377,0.031500,1.000000,1.000000,-0.182336,-0.860872,0.475030
-0.031500,1.000000,1.000000,-0.014397,0.451360,0.892226,0.031500,1.000000,1.000000,-0.213054,-0.825198,0.523122
-0.031500,1.000000,1.000000,-0.070498,0.429372,0.900372,0.031500,1.000000,1.000000,-0.214339,-0.813624,0.540440
-0.031500,1.000000,1.000000,-0.055744,0.454726,0.888885,0.031500,1.000000,1.000000,-0.215635,-0.802132,0.556853
-0.031500,1.000000,1.000000,-0.032507,0.476602,0.878518,0.031500,1.000000,1.000000,-0.234522,-0.795522,0.558699
-0.031500,1.000000,1.000000,-0.041331,0.462064,0.885883,0.031500,1.000000,1.000000,-0.243399,-0.800290,0.547990
-0.031500,1.000000,1.000000,-0.017935,0.444148,0.895774,0.031500,1.000000,1.000000,-0.248361,-0.798194,0.548820
-0.031500,1.000000,1.000000,0.472532,-0.674936,0.566723,0.031500,1.000000,1.000000,0.338139,-0.576023,0.744218
-0.031500,1.000000,1.000000,0.321890,-0.610191,0.723915,0.031500,1.000000,1.000000,0.306856,-0.524642,0.794097
-0.031500,1.000000,1.000000,0.231254,-0.561528,0.794486,0.031500,1.000000,1.000000,0.287324,-0.485969,0.825396
-0.031500,1.000000,1.000000,0.169994,-0.539911,0.824377,0.031500,1.000000,1.000000,0.271437,-0.453682,0.848820
-0.031500,1.000000,1.000000,0.124271,-0.510199,0.851031,0.031500,1.000000,1.000000,0.254434,-0.431746,0.865366
-0.031500,1.000000,1.000000,0.091059,-0.490832,0.866483,0.031500,1.000000,1.000000,0.270528,-0.467111,0.841797
-0.031500,1.000000,1.000000,0.044466,-0.447106,0.893375,0.031500,1.000000,1.000000,0.262688,-0.447491,0.854837
-0.031500,1.000000,1.000000,0.021868,-0.422797,0.905961,0.031500,1.000000,1.000000,0.250501,-0.421328,0.871626
-0.031500,1.000000,1.000000,-0.003495,-0.406124,0.913811,0.031500,1.000000,1.000000,0.250501,-0.421328,0.871626
-0.031500,1.000000,1.000000,-0.013587,-0.403464,0.914895,0.031500,1.000000,1.000000,0.250501,-0.421328,0.871626
-0.031500,1.000000,1.000000,-0.028919,-0.396999,0.917363,0.031500,1.000000,1.000000,0.238666,-0.401706,0.884122
-0.031500,1.000000,1.000000,-0.035863,-0.386754,0.921485,0.031500,1.000000,1.000000,0.238555,-0.388611,0.889985
-0.031500,1.000000,1.000000,-0.049665,-0.384057,0.921973,0.031500,1.000000,1.000000,0.185386,-0.311718,0.931914
-0.031500,1.000000,1.000000,-0.055128,-0.377589,0.924331,0.031500,1.000000,1.000000,0.180992,-0.305249,0.934914
-0.031500,1.000000,1.000000,-0.061046,-0.377574,0.923965,0.031500,1.000000,1.000000,0.184690,-0.305226,0.934198
-0.031500,1.000000,1.000000,-0.026273,-0.428354,0.903229,0.031500,1.000000,1.000000,0.184480,-0.309015,0.932993
-0.031500,1.000000,1.000000,-0.030707,-0.432207,0.901251,0.031500,1.000000,1.000000,0.188180,-0.308994,0.932261
-0.031500,1.000000,1.000000,-0.036343,-0.425680,0.904144,0.031500,1.000000,1.000000,0.180428,-0.296037,0.937981
-0.031500,1.000000,1.000000,-0.041213,-0.425677,0.903936,0.031500,1.000000,1.000000,0.201857,-0.289407,0.935680
-0.031500,1.000000,1.000000,-0.049463,-0.429531,0.901697,0.031500,1.000000,1.000000,0.212470,-0.276329,0.937283
-0.031500,1.000000,1.000000,-0.051677,-0.419145,0.906447,0.031500,1.000000,1.000000,0.208159,-0.266069,0.941210
-0.031500,1.000000,1.000000,-0.109663,-0.419083,0.901301,0.031500,1.000000,1.000000,0.203669,-0.259593,0.943997
-0.031500,1.000000,1.000000,-0.106272,-0.415232,0.903487,0.031500,1.000000,1.000000,0.207617,-0.253059,0.944911
-0.031500,1.000000,1.000000,-0.045291,-0.392336,0.918706,0.031500,1.000000,1.000000,0.199279,-0.250376,0.947417
-0.031500,1.000000,1.000000,-0.057741,-0.392320,0.918015,0.031500,1.000000,1.000000,0.156947,-0.266688,0.950918
-0.031500,1.000000,1.000000,-0.058423,-0.385823,0.920721,0.031500,1.000000,1.000000,0.157076,-0.263934,0.951665
-0.031500,1.000000,1.000000,-0.059480,-0.385821,0.920654,0.031500,1.000000,1.000000,0.199226,-0.310642,0.929414
-0.031500,1.000000,1.000000,-0.062867,-0.389628,0.918824,0.031500,1.000000,1.000000,0.194267,-0.314477,0.929174
-0.031500,1.000000,1.000000,-0.068101,-0.385807,0.920063,0.031500,1.000000,1.000000,0.194777,-0.304058,0.932529
-0.031500,1.000000,1.000000,-0.064320,-0.385813,0.920332,0.031500,1.000000,1.000000,0.190136,-0.301307,0.934378
-0.031500,1.000000,1.000000,-0.064320,-0.385813,0.920332,0.031500,1.000000,1.000000,0.190136,-0.301307,0.934378
-0.031500,1.000000,1.000000,-0.069154,-0.385805,0.919985,0.031500,1.000000,1.000000,0.190445,-0.294727,0.936412
-0.031500,1.000000,1.000000,-0.069154,-0.385805,0.919985,0.031500,1.000000,1.000000,0.181781,-0.298542,0.936925
-0.031500,1.000000,1.000000,-0.129373,-0.307412,0.942741,0.031500,1.000000,1.000000,-0.037823,-0.279406,0.959428
-0.031500,1.000000,1.000000,-0.129644,-0.303671,0.943915,0.031500,1.000000,1.000000,-0.056683,-0.275625,0.959593
-0.031500,1.000000,1.000000,-0.129373,-0.307412,0.942741,0.031500,1.000000,1.000000,-0.056760,-0.276624,0.959300
-0.031500,1.000000,1.000000,-0.129373,-0.307412,0.942741,0.031500,1.000000,1.000000,-0.056760,-0.276624,0.959300
-0.031500,1.000000,1.000000,-0.130994,-0.299925,0.944926,0.031500,1.000000,1.000000,-0.056760,-0.276624,0.959300
-0.031500,1.000000,1.000000,-0.134143,-0.307375,0.942086,0.031500,1.000000,1.000000,-0.057919,-0.276625,0.959231
-0.031500,1.000000,1.000000,-0.134143,-0.307375,0.942086,0.031500,1.000000,1.000000,-0.053793,-0.272841,0.960554
-0.031500,1.000000,1.000000,-0.130725,-0.303663,0.943769,0.031500,1.000000,1.000000,-0.053793,-0.272841,0.960554
-0.031500,1.000000,1.000000,0.131914,-0.277563,0.951608,0.031500,1.000000,1.000000,-0.053793,-0.272841,0.960554
-0.031500,1.000000,1.000000,0.135905,-0.277525,0.951057,0.031500,1.000000,1.000000,-0.053793,-0.272841,0.960554
-0.031500,1.000000,1.000000,0.131914,-0.277563,0.951608,0.031500,1.000000,1.000000,-0.049961,-0.272841,0.960761
-0.031500,1.000000,1.000000,0.135905,-0.277525,0.951057,0.031500,1.000000,1.000000,-0.053793,-0.272841,0.960554
-0.031500,1.000000,1.000000,0.131914,-0.277563,0.951608,0.031500,1.000000,1.000000,-0.053793,-0.272841,0.960554
-0.031500,1.000000,1.000000,0.126347,-0.273901,0.953423,0.031500,1.000000,1.000000,0.184370,-0.299630,0.936071
-0.031500,1.000000,1.000000,0.130729,-0.277575,0.951768,0.031500,1.000000,1.000000,0.184370,-0.299630,0.936071
-0.031500,1.000000,1.000000,0.126748,-0.277612,0.952295,0.031500,1.000000,1.000000,0.184370,-0.299630,0.936071
-0.031500,1.000000,1.000000,-0.131158,-0.326142,0.936178,0.031500,1.000000,1.000000,0.179588,-0.299618,0.937004
-0.031500,1.000000,1.000000,-0.131456,-0.322384,0.937437,0.031500,1.000000,1.000000,0.179588,-0.299618,0.937004
-0.031500,1.000000,1.000000,-0.131456,-0.322384,0.937437,0.031500,1.000000,1.000000,0.179588,-0.299618,0.937004
-0.031500,1.000000,1.000000,-0.132524,-0.322377,0.937289,0.031500,1.000000,1.000000,0.179277,-0.306209,0.934931
-0.031500,1.000000,1.000000,-0.143313,-0.326057,0.934424,0.031500,1.000000,1.000000,0.172032,-0.302354,0.937543
-0.031500,1.000000,1.000000,-0.151830,-0.310971,0.938213,0.031500,1.000000,1.000000,0.172032,-0.302354,0.937543
-0.031500,1.000000,1.000000,-0.158078,-0.325944,0.932079,0.031500,1.000000,1.000000,0.172032,-0.302354,0.937543
-0.031500,1.000000,1.000000,-0.148147,-0.311003,0.938791,0.031500,1.000000,1.000000,0.172032,-0.302354,0.937543
-0.031500,1.000000,1.000000,-0.144462,-0.311034,0.939355,0.031500,1.000000,1.000000,0.172032,-0.302354,0.937543
-0.031500,1.000000,1.000000,-0.144462,-0.311034,0.939355,0.031500,1.000000,1.000000,0.172032,-0.302354,0.937543
-0.031500,1.000000,1.000000,-0.149214,-0.310994,0.938626,0.031500,1.000000,1.000000,0.172032,-0.302354,0.937543
-0.031500,1.000000,1.000000,-0.149491,-0.307245,0.939815,0.031500,1.000000,1.000000,0.344867,-0.267857,0.899622
-0.031500,1.000000,1.000000,-0.152896,-0.310962,0.938043,0.031500,1.000000,1.000000,0.344867,-0.267857,0.899622
-0.031500,1.000000,1.000000,-0.152896,-0.310962,0.938043,0.031500,1.000000,1.000000,0.348563,-0.271737,0.897030
-0.031500,1.000000,1.000000,-0.152896,-0.310962,0.938043,0.031500,1.000000,1.000000,0.348645,-0.267852,0.898166
-0.031500,1.000000,1.000000,-0.156018,-0.318440,0.935016,0.031500,1.000000,1.000000,0.344867,-0.267857,0.899622
-0.031500,1.000000,1.000000,-0.336765,-0.308291,0.889689,0.031500,1.000000,1.000000,0.356054,-0.275625,0.892892
-0.031500,1.000000,1.000000,-0.337300,-0.296811,0.893382,0.031500,1.000000,1.000000,0.352427,-0.267847,0.896690
-0.031500,1.000000,1.000000,-0.340824,-0.300554,0.890790,0.031500,1.000000,1.000000,0.356213,-0.267842,0.895194
-0.031500,1.000000,1.000000,-0.341794,-0.300533,0.890425,0.031500,1.000000,1.000000,0.360003,-0.267837,0.893679
-0.031500,1.000000,1.000000,-0.345493,-0.300450,0.889024,0.031500,1.000000,1.000000,0.359926,-0.271729,0.892534
-0.031500,1.000000,1.000000,-0.341615,-0.304362,0.889192,0.031500,1.000000,1.000000,0.356159,-0.270509,0.894414
-0.031500,1.000000,1.000000,-0.341970,-0.296706,0.891640,0.031500,1.000000,1.000000,0.356080,-0.274398,0.893260
-0.031500,1.000000,1.000000,-0.341970,-0.296706,0.891640,0.031500,1.000000,1.000000,0.363669,-0.274387,0.890200
-0.031500,1.000000,1.000000,-0.345493,-0.300450,0.889024,0.031500,1.000000,1.000000,0.359872,-0.274392,0.891740
-0.031500,1.000000,1.000000,-0.158186,-0.303420,0.939635,0.031500,1.000000,1.000000,0.171520,-0.312781,0.934210
-0.031500,1.000000,1.000000,-0.161317,-0.310885,0.936657,0.031500,1.000000,1.000000,0.171520,-0.312781,0.934210
-0.031500,1.000000,1.000000,-0.161590,-0.307133,0.937847,0.031500,1.000000,1.000000,0.171520,-0.312781,0.934210
-0.031500,1.000000,1.000000,-0.157639,-0.310919,0.937272,0.031500,1.000000,1.000000,0.171520,-0.312781,0.934210
-0.031500,1.000000,1.000000,-0.154237,-0.307202,0.939062,0.031500,1.000000,1.000000,0.171520,-0.312781,0.934210
-0.031500,1.000000,1.000000,-0.154237,-0.307202,0.939062,0.031500,1.000000,1.000000,0.171520,-0.312781,0.934210
-0.031500,1.000000,1.000000,-0.158978,-0.307158,0.938286,0.031500,1.000000,1.000000,0.171711,-0.308942,0.935452
-0.031500,1.000000,1.000000,-0.158978,-0.307158,0.938286,0.031500,1.000000,1.000000,-0.008126,-0.554188,0.832352
-0.031500,1.000000,1.000000,-0.162924,-0.303374,0.938840,0.031500,1.000000,1.000000,-0.013063,-0.554196,0.832284
-0.031500,1.000000,1.000000,-0.162924,-0.303374,0.938840,0.031500,1.000000,1.000000,-0.013063,-0.554196,0.832284
-0.031500,1.000000,1.000000,-0.159251,-0.303410,0.939458,0.031500,1.000000,1.000000,-0.013063,-0.554196,0.832284
-0.031500,1.000000,1.000000,-0.162924,-0.303374,0.938840,0.031500,1.000000,1.000000,-0.013063,-0.554196,0.832284
-0.031500,1.000000,1.000000,-0.159251,-0.303410,0.939458,0.031500,1.000000,1.000000,-0.013063,-0.554196,0.832284
-0.031500,1.000000,1.000000,-0.162924,-0.303374,0.938840,0.031500,1.000000,1.000000,-0.013063,-0.554196,0.832284
-0.031500,1.000000,1.000000,-0.159251,-0.303410,0.939458,0.031500,1.000000,1.000000,-0.001676,-0.558530,0.829483
-0.031500,1.000000,1.000000,-0.159251,-0.303410,0.939458,0.031500,1.000000,1.000000,-0.001676,-0.558530,0.829483
-0.031500,1.000000,1.000000,0.053949,0.156941,0.986133,0.031500,1.000000,1.000000,-0.001676,-0.558530,0.829483
-0.031500,1.000000,1.000000,0.053739,0.153037,0.986758,0.031500,1.000000,1.000000,-0.001676,-0.558530,0.829483
-0.031500,1.000000,1.000000,0.049733,0.149084,0.987573,0.031500,1.000000,1.000000,0.002328,-0.558530,0.829481
-0.031500,1.000000,1.000000,0.053534,0.149140,0.987366,0.031500,1.000000,1.000000,-0.001676,-0.558530,0.829483
-0.031500,1.000000,1.000000,0.049158,0.137434,0.989290,0.031500,1.000000,1.000000,0.002328,-0.558530,0.829481
-0.031500,1.000000,1.000000,0.044154,0.137370,0.989535,0.031500,1.000000,1.000000,0.159678,-0.305085,0.938843
-0.031500,1.000000,1.000000,0.044727,0.149017,0.987823,0.031500,1.000000,1.000000,0.159678,-0.305085,0.938843
-0.031500,1.000000,1.000000,0.044930,0.152913,0.987218,0.031500,1.000000,1.000000,0.159678,-0.305085,0.938843
-0.031500,1.000000,1.000000,-0.159762,-0.310900,0.936919,0.031500,1.000000,1.000000,0.159486,-0.308916,0.937622
-0.031500,1.000000,1.000000,-0.156645,-0.303435,0.939888,0.031500,1.000000,1.000000,0.159486,-0.308916,0.937622
-0.031500,1.000000,1.000000,-0.156645,-0.303435,0.939888,0.031500,1.000000,1.000000,0.159486,-0.308916,0.937622
-0.031500,1.000000,1.000000,-0.156645,-0.303435,0.939888,0.031500,1.000000,1.000000,0.159486,-0.308916,0.937622
-0.031500,1.000000,1.000000,-0.160041,-0.307148,0.938108,0.031500,1.000000,1.000000,0.166923,-0.308931,0.936322
-0.031500,1.000000,1.000000,-0.160041,-0.307148,0.938108,0.031500,1.000000,1.000000,0.166923,-0.308931,0.936322
-0.031500,1.000000,1.000000,-0.156645,-0.303435,0.939888,0.031500,1.000000,1.000000,0.166594,-0.315520,0.934181
-0.031500,1.000000,1.000000,-0.160041,-0.307148,0.938108,0.031500,1.000000,1.000000,0.166399,-0.319362,0.932909
-0.031500,1.000000,1.000000,-0.159762,-0.310900,0.936919,0.031500,1.000000,1.000000,0.166594,-0.315520,0.934181
-0.031500,1.000000,1.000000,-0.163987,-0.303363,0.938658,0.031500,1.000000,1.000000,0.162872,-0.315512,0.934840
-0.031500,1.000000,1.000000,-0.163714,-0.307113,0.937486,0.031500,1.000000,1.000000,0.169039,-0.262173,0.950101
-0.031500,1.000000,1.000000,-0.163987,-0.303363,0.938658,0.031500,1.000000,1.000000,-0.011337,0.143780,0.989545
-0.031500,1.000000,1.000000,-0.160316,-0.303399,0.939280,0.031500,1.000000,1.000000,-0.011337,0.143780,0.989545
-0.031500,1.000000,1.000000,-0.163987,-0.303363,0.938658,0.031500,1.000000,1.000000,-0.011337,0.143780,0.989545
-0.031500,1.000000,1.000000,-0.160041,-0.307148,0.938108,0.031500,1.000000,1.000000,-0.007600,0.143773,0.989582
-0.031500,1.000000,1.000000,0.001074,-0.651898,0.758306,0.031500,1.000000,1.000000,-0.007600,0.143773,0.989582
-0.031500,1.000000,1.000000,0.001074,-0.651898,0.758306,0.031500,1.000000,1.000000,-0.007600,0.143773,0.989582
-0.031500,1.000000,1.000000,0.001074,-0.651898,0.758306,0.031500,1.000000,1.000000,-0.007735,0.147616,0.989015
-0.031500,1.000000,1.000000,0.001074,-0.651898,0.758306,0.031500,1.000000,1.000000,0.166594,-0.315520,0.934181
-0.031500,1.000000,1.000000,0.001074,-0.651898,0.758306,0.031500,1.000000,1.000000,0.166594,-0.315520,0.934181
-0.031500,1.000000,1.000000,0.001074,-0.651898,0.758306,0.031500,1.000000,1.000000,0.166594,-0.315520,0.934181
-0.031500,1.000000,1.000000,-0.001291,-0.659027,0.752118,0.031500,1.000000,1.000000,0.166594,-0.315520,0.934181
-0.031500,1.000000,1.000000,-0.001291,-0.659027,0.752118,0.031500,1.000000,1.000000,0.166594,-0.315520,0.934181
-0.031500,1.000000,1.000000,-0.171638,-0.313474,0.933956,0.031500,1.000000,1.000000,0.166594,-0.315520,0.934181
-0.031500,1.000000,1.000000,-0.171638,-0.313474,0.933956,0.031500,1.000000,1.000000,0.166594,-0.315520,0.934181
-0.031500,1.000000,1.000000,-0.171916,-0.309720,0.935157,0.031500,1.000000,1.000000,0.166594,-0.315520,0.934181
-0.031500,1.000000,1.000000,-0.171916,-0.309720,0.935157,0.031500,1.000000,1.000000,0.162872,-0.315512,0.934840
-0.031500,1.000000,1.000000,-0.171916,-0.309720,0.935157,0.031500,1.000000,1.000000,0.364144,-0.180679,0.913649
-0.031500,1.000000,1.000000,-0.171916,-0.309720,0.935157,0.031500,1.000000,1.000000,0.367225,-0.230530,0.901111
-0.031500,1.000000,1.000000,-0.171916,-0.309720,0.935157,0.031500,1.000000,1.000000,0.378602,-0.230409,0.896422
-0.031500,1.000000,1.000000,-0.171916,-0.309720,0.935157,0.031500,1.000000,1.000000,0.378602,-0.230409,0.896422
-0.031500,1.000000,1.000000,-0.402466,-0.336539,0.851330,0.031500,1.000000,1.000000,0.374748,-0.234313,0.897029
-0.031500,1.000000,1.000000,-0.402103,-0.344351,0.848372,0.031500,1.000000,1.000000,0.351768,-0.249954,0.902099
-0.031500,1.000000,1.000000,-0.394781,-0.340592,0.853314,0.031500,1.000000,1.000000,0.179008,-0.288750,0.940521
-0.031500,1.000000,1.000000,-0.391034,-0.340665,0.855009,0.031500,1.000000,1.000000,0.149154,-0.292556,0.944544
-0.031500,1.000000,1.000000,-0.282140,-0.361629,0.888606,0.031500,1.000000,1.000000,0.156392,-0.296371,0.942181
-0.031500,1.000000,1.000000,-0.153857,-0.351307,0.923532,0.031500,1.000000,1.000000,0.160104,-0.296373,0.941557
-0.031500,1.000000,1.000000,-0.154895,-0.351300,0.923361,0.031500,1.000000,1.000000,0.160286,-0.292560,0.942718
-0.031500,1.000000,1.000000,-0.158258,-0.355067,0.921348,0.031500,1.000000,1.000000,0.156257,-0.299124,0.941333
-0.031500,1.000000,1.000000,-0.161282,-0.362639,0.917868,0.031500,1.000000,1.000000,0.152543,-0.299123,0.941943
-0.031500,1.000000,1.000000,-0.109451,-0.321477,0.940570,0.031500,1.000000,1.000000,0.152543,-0.299123,0.941943
-0.031500,1.000000,1.000000,-0.106074,-0.317755,0.942221,0.031500,1.000000,1.000000,0.152543,-0.299123,0.941943
-0.031500,1.000000,1.000000,-0.109451,-0.321477,0.940570,0.031500,1.000000,1.000000,0.148828,-0.299122,0.942537
-0.031500,1.000000,1.000000,-0.109451,-0.321477,0.940570,0.031500,1.000000,1.000000,0.152543,-0.299123,0.941943
-0.031500,1.000000,1.000000,-0.106074,-0.317755,0.942221,0.031500,1.000000,1.000000,0.118239,-0.314367,0.941909
-0.031500,1.000000,1.000000,-0.109775,-0.317732,0.941804,0.031500,1.000000,1.000000,0.118239,-0.314367,0.941909
-0.031500,1.000000,1.000000,-0.163945,-0.374048,0.912803,0.031500,1.000000,1.000000,0.118239,-0.314367,0.941909
-0.031500,1.000000,1.000000,-0.153878,-0.362682,0.919121,0.031500,1.000000,1.000000,0.118239,-0.314367,0.941909
-0.031500,1.000000,1.000000,-0.116723,-0.276703,0.953840,0.031500,1.000000,1.000000,0.118239,-0.314367,0.941909
-0.031500,1.000000,1.000000,-0.116449,-0.280417,0.952788,0.031500,1.000000,1.000000,0.110326,-0.322009,0.940286
-0.031500,1.000000,1.000000,-0.115888,-0.287853,0.950637,0.031500,1.000000,1.000000,0.110326,-0.322009,0.940286
-0.031500,1.000000,1.000000,-0.119849,-0.284102,0.951274,0.031500,1.000000,1.000000,0.110326,-0.322009,0.940286
-0.031500,1.000000,1.000000,-0.119568,-0.287822,0.950190,0.031500,1.000000,1.000000,0.144317,-0.314399,0.938257
-0.031500,1.000000,1.000000,-0.119849,-0.284102,0.951274,0.031500,1.000000,1.000000,0.163121,-0.310594,0.936442
-0.031500,1.000000,1.000000,-0.119849,-0.284102,0.951274,0.031500,1.000000,1.000000,0.163312,-0.306767,0.937669
-0.031500,1.000000,1.000000,-0.116170,-0.284134,0.951721,0.031500,1.000000,1.000000,0.159594,-0.306764,0.938310
-0.031500,1.000000,1.000000,-0.174610,-0.336029,0.925525,0.031500,1.000000,1.000000,0.148241,-0.310577,0.938918
-0.031500,1.000000,1.000000,-0.174610,-0.336029,0.925525,0.031500,1.000000,1.000000,0.144520,-0.310573,0.939499
-0.031500,1.000000,1.000000,-0.177987,-0.339778,0.923511,0.031500,1.000000,1.000000,0.135995,-0.310564,0.940774
-0.031500,1.000000,1.000000,-0.177679,-0.343563,0.922169,0.031500,1.000000,1.000000,0.135995,-0.310564,0.940774
-0.031500,1.000000,1.000000,-0.174610,-0.336029,0.925525,0.031500,1.000000,1.000000,0.135995,-0.310564,0.940774
-0.031500,1.000000,1.000000,-0.170928,-0.336061,0.926200,0.031500,1.000000,1.000000,0.132271,-0.310560,0.941306
-0.031500,1.000000,1.000000,-0.170620,-0.339839,0.924877,0.031500,1.000000,1.000000,0.132271,-0.310560,0.941306
-0.031500,1.000000,1.000000,-0.169991,-0.347408,0.922177,0.031500,1.000000,1.000000,0.154798,-0.306760,0.939114
-0.031500,1.000000,1.000000,-0.200644,-0.332005,0.921691,0.031500,1.000000,1.000000,0.132063,-0.314383,0.940065
-0.031500,1.000000,1.000000,-0.200357,-0.335789,0.920382,0.031500,1.000000,1.000000,0.132063,-0.314383,0.940065
-0.031500,1.000000,1.000000,-0.196681,-0.335826,0.921161,0.031500,1.000000,1.000000,0.132063,-0.314383,0.940065
-0.031500,1.000000,1.000000,-0.196681,-0.335826,0.921161,0.031500,1.000000,1.000000,0.128337,-0.314379,0.940583
-0.031500,1.000000,1.000000,-0.193296,-0.332079,0.923234,0.031500,1.000000,1.000000,0.132063,-0.314383,0.940065
-0.031500,1.000000,1.000000,-0.178590,-0.332220,0.926140,0.031500,1.000000,1.000000,0.128337,-0.314379,0.940583
-0.031500,1.000000,1.000000,-0.171967,-0.336052,0.926011,0.031500,1.000000,1.000000,0.248962,-0.276141,0.928313
-0.031500,1.000000,1.000000,-0.167974,-0.339861,0.925354,0.031500,1.000000,1.000000,0.252558,-0.279960,0.926195
-0.031500,1.000000,1.000000,-0.300347,-0.338355,0.891800,0.031500,1.000000,1.000000,0.248962,-0.276141,0.928313
-0.031500,1.000000,1.000000,-0.296662,-0.338409,0.893012,0.031500,1.000000,1.000000,0.252683,-0.276132,0.927309
-0.031500,1.000000,1.000000,-0.296662,-0.338409,0.893012,0.031500,1.000000,1.000000,0.252683,-0.276132,0.927309
-0.031500,1.000000,1.000000,-0.296662,-0.338409,0.893012,0.031500,1.000000,1.000000,0.252683,-0.276132,0.927309
-0.031500,1.000000,1.000000,-0.296662,-0.338409,0.893012,0.031500,1.000000,1.000000,0.252683,-0.276132,0.927309
-0.031500,1.000000,1.000000,-0.300105,-0.342193,0.890416,0.031500,1.000000,1.000000,0.256284,-0.279953,0.925173
-0.031500,1.000000,1.000000,-0.296662,-0.338409,0.893012,0.031500,1.000000,1.000000,0.148775,-0.349069,0.925212
-0.031500,1.000000,1.000000,-0.296662,-0.338409,0.893012,0.031500,1.000000,1.000000,0.148775,-0.349069,0.925212
-0.031500,1.000000,1.000000,-0.285617,-0.338568,0.896546,0.031500,1.000000,1.000000,0.148775,-0.349069,0.925212
-0.031500,1.000000,1.000000,-0.183600,-0.328401,0.926523,0.031500,1.000000,1.000000,0.148775,-0.349069,0.925212
-0.031500,1.000000,1.000000,-0.183600,-0.328401,0.926523,0.031500,1.000000,1.000000,0.148775,-0.349069,0.925212
-0.031500,1.000000,1.000000,-0.183600,-0.328401,0.926523,0.031500,1.000000,1.000000,0.148775,-0.349069,0.925212
-0.031500,1.000000,1.000000,-0.183892,-0.324629,0.927793,0.031500,1.000000,1.000000,0.145921,-0.333604,0.931351
-0.031500,1.000000,1.000000,-0.182392,-0.343524,0.921262,0.031500,1.000000,1.000000,0.146963,-0.314402,0.937845
-0.031500,1.000000,1.000000,-0.183004,-0.335955,0.923928,0.031500,1.000000,1.000000,0.170725,-0.283888,0.943536
-0.031500,1.000000,1.000000,-0.182701,-0.339737,0.922605,0.031500,1.000000,1.000000,0.245492,-0.268510,0.931470
-0.031500,1.000000,1.000000,-0.182701,-0.339737,0.922605,0.031500,1.000000,1.000000,0.260369,-0.268461,0.927435
-0.031500,1.000000,1.000000,-0.303304,-0.349831,0.886355,0.031500,1.000000,1.000000,0.252928,-0.268486,0.929485
-0.031500,1.000000,1.000000,-0.299861,-0.346034,0.889013,0.031500,1.000000,1.000000,0.249122,-0.271219,0.929719
-0.031500,1.000000,1.000000,-0.224501,-0.320393,0.920298,0.031500,1.000000,1.000000,0.252962,-0.267388,0.929792
-0.031500,1.000000,1.000000,-0.116691,-0.291566,0.949406,0.031500,1.000000,1.000000,0.104356,-0.394537,0.912935
-0.031500,1.000000,1.000000,-0.142415,-0.291334,0.945961,0.031500,1.000000,1.000000,0.108138,-0.394556,0.912487
-0.031500,1.000000,1.000000,-0.135628,-0.283955,0.949197,0.031500,1.000000,1.000000,0.104356,-0.394537,0.912935
-0.031500,1.000000,1.000000,-0.139022,-0.287643,0.947594,0.031500,1.000000,1.000000,0.104356,-0.394537,0.912935
-0.031500,1.000000,1.000000,-0.135353,-0.287679,0.948114,0.031500,1.000000,1.000000,0.177027,-0.379257,0.908199
-0.031500,1.000000,1.000000,-0.163338,-0.284680,0.944605,0.031500,1.000000,1.000000,0.290903,-0.364432,0.884627
-0.031500,1.000000,1.000000,-0.166992,-0.284638,0.943978,0.031500,1.000000,1.000000,0.298774,-0.356598,0.885196
-0.031500,1.000000,1.000000,-0.157564,-0.262418,0.952003,0.031500,1.000000,1.000000,0.116773,-0.320947,0.939871
-0.031500,1.000000,1.000000,-0.155100,-0.243908,0.957315,0.031500,1.000000,1.000000,0.116773,-0.320947,0.939871
-0.031500,1.000000,1.000000,-0.158739,-0.243858,0.956731,0.031500,1.000000,1.000000,0.112812,-0.324770,0.939041
-0.031500,1.000000,1.000000,-0.158963,-0.240152,0.957631,0.031500,1.000000,1.000000,0.104131,-0.343961,0.933192
-0.031500,1.000000,1.000000,-0.158512,-0.247566,0.955816,0.031500,1.000000,1.000000,0.104131,-0.343961,0.933192
-0.031500,1.000000,1.000000,-0.216833,-0.351959,0.910554,0.031500,1.000000,1.000000,0.104379,-0.340111,0.934575
-0.031500,1.000000,1.000000,-0.210020,-0.295318,0.932030,0.031500,1.000000,1.000000,0.096880,-0.340097,0.935387
-0.031500,1.000000,1.000000,-0.200314,-0.276731,0.939837,0.031500,1.000000,1.000000,0.103476,-0.337351,0.935675
-0.031500,1.000000,1.000000,-0.186465,-0.265743,0.945839,0.031500,1.000000,1.000000,0.117744,-0.348960,0.929711
-0.031500,1.000000,1.000000,-0.179654,-0.258400,0.949186,0.031500,1.000000,1.000000,0.139046,-0.368465,0.919184
-0.031500,1.000000,1.000000,-0.154402,-0.255035,0.954525,0.031500,1.000000,1.000000,0.159640,-0.400044,0.902485
-0.031500,1.000000,1.000000,-0.132505,-0.255296,0.957740,0.031500,1.000000,1.000000,0.170208,-0.412063,0.895116
-0.031500,1.000000,1.000000,-0.132254,-0.259003,0.956779,0.031500,1.000000,1.000000,0.177003,-0.424136,0.888132
-0.031500,1.000000,1.000000,-0.132505,-0.255296,0.957740,0.031500,1.000000,1.000000,0.176738,-0.428150,0.886257
-0.031500,1.000000,1.000000,-0.194441,-0.355945,0.914055,0.031500,1.000000,1.000000,0.102735,-0.348917,0.931506
-0.031500,1.000000,1.000000,-0.194441,-0.355945,0.914055,0.031500,1.000000,1.000000,0.099233,-0.345047,0.933325
-0.031500,1.000000,1.000000,-0.195777,-0.352129,0.915247,0.031500,1.000000,1.000000,0.099233,-0.345047,0.933325
-0.031500,1.000000,1.000000,-0.195777,-0.352129,0.915247,0.031500,1.000000,1.000000,0.099233,-0.345047,0.933325
-0.031500,1.000000,1.000000,-0.198909,-0.358576,0.912063,0.031500,1.000000,1.000000,0.099233,-0.345047,0.933325
-0.031500,1.000000,1.000000,-0.198581,-0.362389,0.910626,0.031500,1.000000,1.000000,0.095479,-0.345038,0.933720
-0.031500,1.000000,1.000000,-0.198581,-0.362389,0.910626,0.031500,1.000000,1.000000,0.099233,-0.345047,0.933325
-0.031500,1.000000,1.000000,-0.198581,-0.362389,0.910626,0.031500,1.000000,1.000000,0.099233,-0.345047,0.933325
-0.031500,1.000000,1.000000,-0.194897,-0.362416,0.911411,0.031500,1.000000,1.000000,0.095479,-0.345038,0.933720
-0.031500,1.000000,1.000000,-0.395618,-0.255722,0.882096,0.031500,1.000000,1.000000,0.271836,-0.341921,0.899553
-0.031500,1.000000,1.000000,-0.399310,-0.255590,0.880469,0.031500,1.000000,1.000000,0.275747,-0.338031,0.899832
-0.031500,1.000000,1.000000,-0.402863,-0.259293,0.877764,0.031500,1.000000,1.000000,0.275606,-0.341945,0.898396
-0.031500,1.000000,1.000000,-0.402863,-0.259293,0.877764,0.031500,1.000000,1.000000,0.275363,-0.348558,0.895925
-0.031500,1.000000,1.000000,-0.403005,-0.255457,0.878822,0.031500,1.000000,1.000000,0.282918,-0.348608,0.893549
-0.031500,1.000000,1.000000,-0.377198,-0.256359,0.889945,0.031500,1.000000,1.000000,0.279282,-0.344663,0.896219
-0.031500,1.000000,1.000000,-0.154599,-0.397061,0.904678,0.031500,1.000000,1.000000,0.279282,-0.344663,0.896219
-0.031500,1.000000,1.000000,-0.198250,-0.366206,0.909170,0.031500,1.000000,1.000000,0.275650,-0.340727,0.898845
-0.031500,1.000000,1.000000,-0.195226,-0.358605,0.912847,0.031500,1.000000,1.000000,0.275508,-0.344640,0.897395
-0.031500,1.000000,1.000000,-0.198581,-0.362389,0.910626,0.031500,1.000000,1.000000,0.268258,-0.336785,0.902560
-0.031500,1.000000,1.000000,-0.284267,-0.289189,0.914091,0.031500,1.000000,1.000000,0.285366,-0.384219,0.878033
-0.031500,1.000000,1.000000,-0.280620,-0.289263,0.915194,0.031500,1.000000,1.000000,0.285208,-0.388205,0.876329
-0.031500,1.000000,1.000000,-0.280402,-0.293046,0.914056,0.031500,1.000000,1.000000,0.153741,-0.374025,0.914587
-0.031500,1.000000,1.000000,0.166737,0.251536,0.953377,0.031500,1.000000,1.000000,0.405934,-0.407236,0.818154
-0.031500,1.000000,1.000000,0.120614,0.297793,0.946980,0.031500,1.000000,1.000000,0.410067,-0.171104,0.895862
-0.031500,1.000000,1.000000,0.092711,0.333761,0.938088,0.031500,1.000000,1.000000,0.395066,-0.027226,0.918249
-0.031500,1.000000,1.000000,0.071604,0.368792,0.926750,0.031500,1.000000,1.000000,0.395066,-0.027226,0.918249
-0.031500,1.000000,1.000000,0.049494,0.391942,0.918658,0.031500,1.000000,1.000000,0.392704,0.060638,0.917664
-0.031500,1.000000,1.000000,0.032492,0.405756,0.913404,0.031500,1.000000,1.000000,0.385972,0.065179,0.920205
-0.031500,1.000000,1.000000,0.019398,0.425914,0.904556,0.031500,1.000000,1.000000,0.375016,0.133871,0.917301
-0.031500,1.000000,1.000000,0.011996,0.442573,0.896652,0.031500,1.000000,1.000000,0.368231,0.178499,0.912439
-0.031500,1.000000,1.000000,-0.001086,0.453609,0.891200,0.031500,1.000000,1.000000,0.368468,0.174805,0.913058
-0.031500,1.000000,1.000000,-0.010725,0.454782,0.890538,0.031500,1.000000,1.000000,0.364620,0.182535,0.913090
-0.031500,1.000000,1.000000,-0.005795,0.461305,0.887223,0.031500,1.000000,1.000000,0.368231,0.178499,0.912439
-0.031500,1.000000,1.000000,-0.018257,0.468913,0.883055,0.031500,1.000000,1.000000,0.364903,0.212402,0.906494
-0.031500,1.000000,1.000000,-0.014363,0.468936,0.883115,0.031500,1.000000,1.000000,0.348398,0.273625,0.896520
-0.031500,1.000000,1.000000,-0.025072,0.480782,0.876482,0.031500,1.000000,1.000000,0.353679,0.279404,0.892661
-0.031500,1.000000,1.000000,-0.029473,0.489393,0.871565,0.031500,1.000000,1.000000,0.351720,0.297719,0.887500
-0.031500,1.000000,1.000000,-0.036939,0.496855,0.867047,0.031500,1.000000,1.000000,0.346013,0.310295,0.885433
-0.031500,1.000000,1.000000,-0.040292,0.505409,0.861939,0.031500,1.000000,1.000000,0.339499,0.328868,0.881241
-0.031500,1.000000,1.000000,-0.051418,0.513804,0.856365,0.031500,1.000000,1.000000,0.327469,0.335932,0.883127
-0.031500,1.000000,1.000000,-0.044762,0.512819,0.857329,0.031500,1.000000,1.000000,0.333779,0.340158,0.879138
-0.031500,1.000000,1.000000,-0.052930,0.515893,0.855016,0.031500,1.000000,1.000000,0.323724,0.357638,0.875955
-0.031500,1.000000,1.000000,-0.060696,0.521061,0.851359,0.031500,1.000000,1.000000,0.323394,0.360046,0.875090
-0.031500,1.000000,1.000000,-0.057388,0.517916,0.853504,0.031500,1.000000,1.000000,0.321346,0.368504,0.872320
-0.031500,1.000000,1.000000,-0.057941,0.520010,0.852193,0.031500,1.000000,1.000000,0.321847,0.364927,0.873638
-0.031500,1.000000,1.000000,-0.061245,0.523150,0.850037,0.031500,1.000000,1.000000,0.317002,0.374776,0.871236
-0.031500,1.000000,1.000000,-0.061788,0.525233,0.848712,0.031500,1.000000,1.000000,0.311227,0.384677,0.869000
-0.031500,1.000000,1.000000,-0.067217,0.521897,0.850356,0.031500,1.000000,1.000000,0.310873,0.387054,0.868071
-0.031500,1.000000,1.000000,-0.070122,0.527120,0.846893,0.031500,1.000000,1.000000,0.318067,0.385251,0.866265
-0.031500,1.000000,1.000000,-0.069833,0.533536,0.842889,0.031500,1.000000,1.000000,0.314028,0.389123,0.866008
-0.031500,1.000000,1.000000,-0.070048,0.532405,0.843587,0.031500,1.000000,1.000000,0.307643,0.402546,0.862156
-0.031500,1.000000,1.000000,-0.074254,0.535493,0.841269,0.031500,1.000000,1.000000,0.315778,0.394819,0.862788
-0.031500,1.000000,1.000000,-0.074867,0.532276,0.843254,0.031500,1.000000,1.000000,0.295927,0.410531,0.862492
-0.031500,1.000000,1.000000,-0.078048,0.540651,0.837619,0.031500,1.000000,1.000000,0.302613,0.412307,0.859318
-0.031500,1.000000,1.000000,-0.075389,0.534334,0.841905,0.031500,1.000000,1.000000,0.303183,0.408752,0.860815
-0.031500,1.000000,1.000000,-0.083475,0.537292,0.839255,0.031500,1.000000,1.000000,0.298782,0.409115,0.862180
-0.031500,1.000000,1.000000,-0.086750,0.540387,0.836933,0.031500,1.000000,1.000000,0.293709,0.418850,0.859244
-0.031500,1.000000,1.000000,-0.083475,0.537292,0.839255,0.031500,1.000000,1.000000,0.298405,0.411464,0.861192
-0.031500,1.000000,1.000000,-0.086129,0.543604,0.834911,0.031500,1.000000,1.000000,0.293709,0.418850,0.859244
-0.031500,1.000000,1.000000,-0.531783,0.483865,0.695041,0.031500,1.000000,1.000000,0.260505,0.304381,0.916236
-0.031500,1.000000,1.000000,-0.527817,0.484788,0.697417,0.031500,1.000000,1.000000,0.182353,0.423746,0.887236
-0.031500,1.000000,1.000000,0.629612,-0.565657,0.532562,0.031500,1.000000,1.000000,0.255735,-0.489129,0.833878
-0.031500,1.000000,1.000000,0.426108,-0.514017,0.744458,0.031500,1.000000,1.000000,0.236873,-0.436956,0.867733
-0.031500,1.000000,1.000000,0.416920,-0.518124,0.746810,0.031500,1.000000,1.000000,0.226871,-0.410055,0.883394
-0.031500,1.000000,1.000000,0.313215,-0.490615,0.813138,0.031500,1.000000,1.000000,0.227479,-0.500177,0.835510
-0.031500,1.000000,1.000000,0.244737,-0.459503,0.853792,0.031500,1.000000,1.000000,0.227698,-0.487609,0.842847
-0.031500,1.000000,1.000000,0.189118,-0.375070,0.907500,0.031500,1.000000,1.000000,0.215796,-0.467657,0.857163
-0.031500,1.000000,1.000000,0.147089,-0.387901,0.909889,0.031500,1.000000,1.000000,0.193834,-0.478235,0.856575
-0.031500,1.000000,1.000000,0.099965,-0.389151,0.915734,0.031500,1.000000,1.000000,0.187829,-0.468199,0.863429
-0.031500,1.000000,1.000000,0.075329,-0.333332,0.939795,0.031500,1.000000,1.000000,0.180983,-0.461976,0.868230
-0.031500,1.000000,1.000000,0.054287,-0.326903,0.943497,0.031500,1.000000,1.000000,0.177737,-0.455695,0.872211
-0.031500,1.000000,1.000000,0.037622,-0.313966,0.948688,0.031500,1.000000,1.000000,0.174463,-0.449410,0.876124
-0.031500,1.000000,1.000000,0.021903,-0.307498,0.951296,0.031500,1.000000,1.000000,0.168271,-0.439378,0.882401
-0.031500,1.000000,1.000000,0.013154,-0.294528,0.955552,0.031500,1.000000,1.000000,0.170217,-0.429243,0.887004
-0.031500,1.000000,1.000000,0.007190,-0.295532,0.955306,0.031500,1.000000,1.000000,0.162734,-0.425578,0.890169
-0.031500,1.000000,1.000000,-0.004117,-0.282536,0.959248,0.031500,1.000000,1.000000,0.168230,-0.415408,0.893943
-0.031500,1.000000,1.000000,-0.010463,-0.279778,0.960008,0.031500,1.000000,1.000000,0.164612,-0.415459,0.894593
-0.031500,1.000000,1.000000,-0.020941,-0.273269,0.961710,0.031500,1.000000,1.000000,0.155530,-0.379356,0.912085
-0.031500,1.000000,1.000000,-0.025100,-0.290270,0.956616,0.031500,1.000000,1.000000,0.152970,-0.373069,0.915106
-0.031500,1.000000,1.000000,-0.035554,-0.283735,0.958243,0.031500,1.000000,1.000000,0.153578,-0.369344,0.916515
-0.031500,1.000000,1.000000,-0.040704,-0.280965,0.958854,0.031500,1.000000,1.000000,0.154001,-0.366725,0.917495
-0.031500,1.000000,1.000000,-0.035083,-0.274435,0.960965,0.031500,1.000000,1.000000,0.154001,-0.366725,0.917495
-0.031500,1.000000,1.000000,-0.045849,-0.264137,0.963395,0.031500,1.000000,1.000000,0.146525,-0.345671,0.926845
-0.031500,1.000000,1.000000,-0.050961,-0.261356,0.963896,0.031500,1.000000,1.000000,0.145380,-0.353095,0.924223
-0.031500,1.000000,1.000000,-0.056158,-0.257595,0.964620,0.031500,1.000000,1.000000,0.145380,-0.353095,0.924223
-0.031500,1.000000,1.000000,-0.061608,-0.251057,0.966010,0.031500,1.000000,1.000000,0.142761,-0.346798,0.927012
-0.031500,1.000000,1.000000,-0.067029,-0.244517,0.967325,0.031500,1.000000,1.000000,0.138136,-0.346862,0.927688
-0.031500,1.000000,1.000000,-0.072422,-0.237976,0.968567,0.031500,1.000000,1.000000,0.132770,-0.358056,0.924212
-0.031500,1.000000,1.000000,-0.077788,-0.231434,0.969736,0.031500,1.000000,1.000000,0.135791,-0.361733,0.922339
-0.031500,1.000000,1.000000,-0.083126,-0.224890,0.970832,0.031500,1.000000,1.000000,0.136807,-0.355375,0.924658
-0.031500,1.000000,1.000000,-0.086767,-0.224884,0.970515,0.031500,1.000000,1.000000,0.137392,-0.351654,0.925993
-0.031500,1.000000,1.000000,-0.055882,-0.214647,0.975092,0.031500,1.000000,1.000000,0.133779,-0.351700,0.926504
-0.031500,1.000000,1.000000,-0.060691,-0.214642,0.974805,0.031500,1.000000,1.000000,0.137392,-0.351654,0.925993
-0.031500,1.000000,1.000000,-0.061237,-0.208106,0.976187,0.031500,1.000000,1.000000,0.134390,-0.370290,0.919143
-0.031500,1.000000,1.000000,-0.066264,-0.205299,0.976453,0.031500,1.000000,1.000000,0.129501,-0.377807,0.916783
-0.031500,1.000000,1.000000,-0.070748,-0.209034,0.975346,0.031500,1.000000,1.000000,0.117900,-0.360389,0.925321
-0.031500,1.000000,1.000000,-0.074007,-0.213718,0.974088,0.031500,1.000000,1.000000,0.117900,-0.360389,0.925321
-0.031500,1.000000,1.000000,-0.079092,-0.209967,0.974504,0.031500,1.000000,1.000000,0.118510,-0.356665,0.926685
-0.031500,1.000000,1.000000,-0.079321,-0.207166,0.975085,0.031500,1.000000,1.000000,0.119112,-0.352944,0.928032
-0.031500,1.000000,1.000000,-0.085251,-0.192195,0.977647,0.031500,1.000000,1.000000,0.122144,-0.356626,0.926228
-0.031500,1.000000,1.000000,-0.085251,-0.192195,0.977647,0.031500,1.000000,1.000000,0.122743,-0.352904,0.927574
-0.031500,1.000000,1.000000,-0.094100,-0.185640,0.978102,0.031500,1.000000,1.000000,0.120292,-0.345511,0.930673
-0.031500,1.000000,1.000000,-0.094100,-0.185640,0.978102,0.031500,1.000000,1.000000,0.541829,-0.715826,0.440470
-0.031500,1.000000,1.000000,-0.095231,-0.185639,0.977993,0.031500,1.000000,1.000000,0.555436,-0.706601,0.438413
-0.031500,1.000000,1.000000,-0.095693,-0.179096,0.979167,0.031500,1.000000,1.000000,0.519049,-0.703696,0.485181
-0.031500,1.000000,1.000000,-0.100428,-0.179088,0.978694,0.031500,1.000000,1.000000,0.285021,-0.027430,0.958129
-0.031500,1.000000,1.000000,-0.140861,-0.378587,0.914784,0.031500,1.000000,1.000000,0.115790,-0.028080,0.992877
-0.031500,1.000000,1.000000,-0.145455,-0.371878,0.916815,0.031500,1.000000,1.000000,0.133533,-0.012722,0.990963
-0.031500,1.000000,1.000000,-0.153729,-0.371979,0.915423,0.031500,1.000000,1.000000,0.147575,-0.004795,0.989039
-0.031500,1.000000,1.000000,-0.149646,-0.348219,0.925391,0.031500,1.000000,1.000000,0.139374,-0.019953,0.990039
-0.031500,1.000000,1.000000,-0.161561,-0.236481,0.958110,0.031500,1.000000,1.000000,0.137080,-0.276284,0.951250
-0.031500,1.000000,1.000000,-0.165123,-0.236488,0.957501,0.031500,1.000000,1.000000,0.137080,-0.276284,0.951250
-0.031500,1.000000,1.000000,-0.172985,-0.240304,0.955160,0.031500,1.000000,1.000000,0.137522,-0.272609,0.952246
-0.031500,1.000000,1.000000,-0.176538,-0.240313,0.954507,0.031500,1.000000,1.000000,0.133504,-0.276342,0.951741
-0.031500,1.000000,1.000000,-0.126182,-0.243993,0.961533,0.031500,1.000000,1.000000,0.133504,-0.276342,0.951741
-0.031500,1.000000,1.000000,-0.129423,-0.247795,0.960129,0.031500,1.000000,1.000000,0.129924,-0.276399,0.952220
-0.031500,1.000000,1.000000,-0.129776,-0.244001,0.961052,0.031500,1.000000,1.000000,0.126340,-0.276455,0.952686
-0.031500,1.000000,1.000000,-0.147352,-0.247840,0.957530,0.031500,1.000000,1.000000,0.126340,-0.276455,0.952686
-0.031500,1.000000,1.000000,-0.159481,-0.244071,0.956554,0.031500,1.000000,1.000000,0.141204,-0.239603,0.960548
-0.031500,1.000000,1.000000,-0.176603,-0.251737,0.951546,0.031500,1.000000,1.000000,0.137262,-0.243333,0.960181
-0.031500,1.000000,1.000000,-0.169488,-0.251713,0.952846,0.031500,1.000000,1.000000,0.140821,-0.243266,0.959683
-0.031500,1.000000,1.000000,-0.165926,-0.251701,0.953475,0.031500,1.000000,1.000000,0.136871,-0.246995,0.959302
-0.031500,1.000000,1.000000,-0.148076,-0.251645,0.956425,0.031500,1.000000,1.000000,0.133986,-0.240699,0.961307
-0.031500,1.000000,1.000000,-0.133377,-0.255406,0.957590,0.031500,1.000000,1.000000,0.133986,-0.240699,0.961307
-0.031500,1.000000,1.000000,-0.084723,-0.139060,0.986653,0.031500,1.000000,1.000000,0.132800,-0.251693,0.958653
-0.031500,1.000000,1.000000,-0.080902,-0.142787,0.986441,0.031500,1.000000,1.000000,0.181555,-0.181104,0.966561
-0.031500,1.000000,1.000000,-0.080291,-0.153040,0.984953,0.031500,1.000000,1.000000,0.166689,-0.192483,0.967039
-0.031500,1.000000,1.000000,-0.083905,-0.153031,0.984653,0.031500,1.000000,1.000000,0.154895,-0.207387,0.965918
-0.031500,1.000000,1.000000,-0.083905,-0.153031,0.984653,0.031500,1.000000,1.000000,0.143285,-0.218598,0.965238
-0.031500,1.000000,1.000000,-0.088657,-0.153019,0.984238,0.031500,1.000000,1.000000,0.135115,-0.229716,0.963833
-0.031500,1.000000,1.000000,-0.088882,-0.149298,0.984789,0.031500,1.000000,1.000000,0.130806,-0.237101,0.962638
-0.031500,1.000000,1.000000,-0.152100,-0.258253,0.954029,0.031500,1.000000,1.000000,0.130806,-0.237101,0.962638
-0.031500,1.000000,1.000000,-0.144943,-0.258231,0.955148,0.031500,1.000000,1.000000,0.130806,-0.237101,0.962638
-0.031500,1.000000,1.000000,-0.137774,-0.258211,0.956214,0.031500,1.000000,1.000000,0.101473,-0.274112,0.956329
-0.031500,1.000000,1.000000,-0.131329,-0.250593,0.959143,0.031500,1.000000,1.000000,0.098316,-0.270488,0.957690
-0.031500,1.000000,1.000000,-0.124502,-0.246786,0.961039,0.031500,1.000000,1.000000,0.141409,-0.269865,0.952458
-0.031500,1.000000,1.000000,-0.117663,-0.242986,0.962867,0.031500,1.000000,1.000000,0.317241,-0.822792,0.471563
-0.031500,1.000000,1.000000,-0.114507,-0.238213,0.964439,0.031500,1.000000,1.000000,0.376156,-0.800109,0.467260
-0.031500,1.000000,1.000000,-0.111931,-0.226892,0.967467,0.031500,1.000000,1.000000,0.260648,-0.791554,0.552725
-0.031500,1.000000,1.000000,-0.111655,-0.185609,0.976260,0.031500,1.000000,1.000000,0.148534,-0.269740,0.951408
-0.031500,1.000000,1.000000,-0.112439,-0.174398,0.978235,0.031500,1.000000,1.000000,0.109148,-0.270353,0.956554
-0.031500,1.000000,1.000000,-0.124129,-0.159439,0.979373,0.031500,1.000000,1.000000,0.113577,-0.318086,0.941234
-0.031500,1.000000,1.000000,-0.128349,-0.148242,0.980587,0.031500,1.000000,1.000000,0.120275,-0.321702,0.939171
-0.031500,1.000000,1.000000,-0.132116,-0.144500,0.980645,0.031500,1.000000,1.000000,0.116659,-0.321744,0.939613
-0.031500,1.000000,1.000000,-0.135673,-0.144482,0.980162,0.031500,1.000000,1.000000,0.123348,-0.325363,0.937510
-0.031500,1.000000,1.000000,-0.139425,-0.140738,0.980180,0.031500,1.000000,1.000000,0.130565,-0.325274,0.936562
-0.031500,1.000000,1.000000,-0.146176,-0.147227,0.978242,0.031500,1.000000,1.000000,0.126959,-0.325319,0.937043
-0.031500,1.000000,1.000000,-0.110327,-0.151123,0.982339,0.031500,1.000000,1.000000,0.130565,-0.325274,0.936562
-0.031500,1.000000,1.000000,-0.115035,-0.151104,0.981802,0.031500,1.000000,1.000000,0.127747,-0.495975,0.858889
-0.031500,1.000000,1.000000,-0.111457,-0.151119,0.982212,0.031500,1.000000,1.000000,0.125841,-0.488156,0.863636
-0.031500,1.000000,1.000000,-0.115035,-0.151104,0.981802,0.031500,1.000000,1.000000,0.127611,-0.480356,0.867740
-0.031500,1.000000,1.000000,-0.111673,-0.147398,0.982753,0.031500,1.000000,1.000000,0.126732,-0.484253,0.865701
-0.031500,1.000000,1.000000,-0.111673,-0.147398,0.982753,0.031500,1.000000,1.000000,0.133261,-0.488135,0.862534
-0.031500,1.000000,1.000000,-0.111511,-0.150204,0.982346,0.031500,1.000000,1.000000,0.138881,-0.495948,0.857174
-0.031500,1.000000,1.000000,-0.130751,0.184346,0.974126,0.031500,1.000000,1.000000,0.141680,-0.499867,0.854435
-0.031500,1.000000,1.000000,-0.117627,0.215362,0.969424,0.031500,1.000000,1.000000,0.139839,-0.507746,0.850082
-0.031500,1.000000,1.000000,-0.101119,0.238729,0.965807,0.031500,1.000000,1.000000,0.138214,-0.076222,0.987465
-0.031500,1.000000,1.000000,-0.099661,0.214925,0.971532,0.031500,1.000000,1.000000,0.131297,-0.072746,0.988670
-0.031500,1.000000,1.000000,-0.100955,0.199245,0.974736,0.031500,1.000000,1.000000,0.131713,-0.058026,0.989588
-0.031500,1.000000,1.000000,-0.102419,0.179779,0.978361,0.031500,1.000000,1.000000,0.214837,-0.069666,0.974162
-0.031500,1.000000,1.000000,-0.103472,0.164306,0.980968,0.031500,1.000000,1.000000,0.341550,-0.770464,0.538265
-0.031500,1.000000,1.000000,-0.104590,0.146015,0.983738,0.031500,1.000000,1.000000,0.371682,-0.736806,0.564774
-0.031500,1.000000,1.000000,-0.153454,-0.085835,0.984421,0.031500,1.000000,1.000000,0.377174,-0.717444,0.585674
-0.031500,1.000000,1.000000,-0.156863,-0.089512,0.983556,0.031500,1.000000,1.000000,0.136340,-0.273619,0.952126
-0.031500,1.000000,1.000000,-0.160266,-0.093189,0.982665,0.031500,1.000000,1.000000,0.139913,-0.273560,0.951625
-0.031500,1.000000,1.000000,-0.163789,-0.093149,0.982088,0.031500,1.000000,1.000000,0.136776,-0.269943,0.953112
-0.031500,1.000000,1.000000,-0.167310,-0.093109,0.981498,0.031500,1.000000,1.000000,0.133201,-0.270001,0.953602
-0.031500,1.000000,1.000000,-0.163392,-0.104307,0.981032,0.031500,1.000000,1.000000,0.129623,-0.270058,0.954079
-0.031500,1.000000,1.000000,-0.159575,-0.111782,0.980837,0.031500,1.000000,1.000000,0.125718,-0.272800,0.953821
-0.031500,1.000000,1.000000,-0.146815,-0.155609,0.976847,0.031500,1.000000,1.000000,0.125718,-0.272800,0.953821
-0.031500,1.000000,1.000000,-0.146815,-0.155609,0.976847,0.031500,1.000000,1.000000,0.126158,-0.269130,0.954805
-0.031500,1.000000,1.000000,-0.146815,-0.155609,0.976847,0.031500,1.000000,1.000000,0.111626,-0.298678,0.947803
-0.031500,1.000000,1.000000,-0.143479,-0.151907,0.977925,0.031500,1.000000,1.000000,0.115238,-0.298632,0.947385
-0.031500,1.000000,1.000000,-0.139928,-0.151930,0.978436,0.031500,1.000000,1.000000,0.118846,-0.298585,0.946954
-0.031500,1.000000,1.000000,-0.136374,-0.151952,0.978934,0.031500,1.000000,1.000000,0.118846,-0.298585,0.946954
-0.031500,1.000000,1.000000,-0.136374,-0.151952,0.978934,0.031500,1.000000,1.000000,0.118349,-0.302269,0.945847
-0.031500,1.000000,1.000000,-0.132816,-0.151974,0.979420,0.031500,1.000000,1.000000,0.114671,-0.328120,0.937650
-0.031500,1.000000,1.000000,-0.116556,-0.122368,0.985617,0.031500,1.000000,1.000000,0.097505,-0.387794,0.916575
-0.031500,1.000000,1.000000,-0.132433,-0.158493,0.978438,0.031500,1.000000,1.000000,0.130534,-0.342747,0.930314
-0.031500,1.000000,1.000000,-0.135768,-0.162195,0.977374,0.031500,1.000000,1.000000,0.130534,-0.342747,0.930314
-0.031500,1.000000,1.000000,-0.132433,-0.158493,0.978438,0.031500,1.000000,1.000000,0.134708,-0.338987,0.931097
-0.031500,1.000000,1.000000,-0.132433,-0.158493,0.978438,0.031500,1.000000,1.000000,0.137755,-0.342659,0.929305
-0.031500,1.000000,1.000000,-0.132433,-0.158493,0.978438,0.031500,1.000000,1.000000,0.141916,-0.338894,0.930060
-0.031500,1.000000,1.000000,-0.136212,-0.154749,0.978519,0.031500,1.000000,1.000000,0.141916,-0.338894,0.930060
-0.031500,1.000000,1.000000,-0.108555,-0.032630,0.993555,0.031500,1.000000,1.000000,0.146060,-0.335128,0.930782
-0.031500,1.000000,1.000000,-0.108639,-0.025209,0.993762,0.031500,1.000000,1.000000,0.146060,-0.335128,0.930782
-0.031500,1.000000,1.000000,-0.105135,-0.017825,0.994298,0.031500,1.000000,1.000000,0.278430,-0.720416,0.635198
-0.031500,1.000000,1.000000,-0.105176,-0.010396,0.994399,0.031500,1.000000,1.000000,0.176371,-0.264510,0.948118
-0.031500,1.000000,1.000000,-0.112242,-0.020574,0.993468,0.031500,1.000000,1.000000,0.134170,-0.261676,0.955785
-0.031500,1.000000,1.000000,-0.112172,-0.027999,0.993294,0.031500,1.000000,1.000000,0.117517,-0.250977,0.960833
-0.031500,1.000000,1.000000,-0.111968,-0.042836,0.992788,0.031500,1.000000,1.000000,0.107556,-0.243825,0.963837
-0.031500,1.000000,1.000000,-0.108195,-0.053994,0.992662,0.031500,1.000000,1.000000,0.100759,-0.240273,0.965462
-0.031500,1.000000,1.000000,-0.197072,-0.138372,0.970575,0.031500,1.000000,1.000000,0.089930,-0.240414,0.966495
-0.031500,1.000000,1.000000,-0.193563,-0.138412,0.971275,0.031500,1.000000,1.000000,0.086085,-0.324711,0.941887
-0.031500,1.000000,1.000000,-0.186717,-0.134761,0.973127,0.031500,1.000000,1.000000,0.084355,-0.335802,0.938148
-0.031500,1.000000,1.000000,-0.198198,-0.112259,0.973712,0.031500,1.000000,1.000000,0.086836,-0.343182,0.935246
-0.031500,1.000000,1.000000,-0.201699,-0.112209,0.972999,0.031500,1.000000,1.000000,0.083163,-0.343210,0.935570
-0.031500,1.000000,1.000000,-0.190402,-0.130991,0.972928,0.031500,1.000000,1.000000,0.082555,-0.346918,0.934255
-0.031500,1.000000,1.000000,-0.178786,-0.152533,0.971992,0.031500,1.000000,1.000000,0.073506,-0.350687,0.933603
-0.031500,1.000000,1.000000,-0.179368,-0.141349,0.973575,0.031500,1.000000,1.000000,0.067351,-0.343318,0.936801
-0.031500,1.000000,1.000000,-0.175657,-0.145113,0.973698,0.031500,1.000000,1.000000,0.064262,-0.339638,0.938358
-0.031500,1.000000,1.000000,-0.178985,-0.148804,0.972534,0.031500,1.000000,1.000000,0.115053,-0.365226,0.923782
-0.031500,1.000000,1.000000,-0.178985,-0.148804,0.972534,0.031500,1.000000,1.000000,0.132241,-0.324210,0.936697
-0.031500,1.000000,1.000000,-0.179179,-0.145076,0.973061,0.031500,1.000000,1.000000,0.162365,-0.253810,0.953529
-0.031500,1.000000,1.000000,-0.179179,-0.145076,0.973061,0.031500,1.000000,1.000000,0.176119,-0.257173,0.950181
-0.031500,1.000000,1.000000,-0.153779,-0.074786,0.985271,0.031500,1.000000,1.000000,0.186309,-0.260607,0.947298
-0.031500,1.000000,1.000000,-0.222836,-0.107199,0.968944,0.031500,1.000000,1.000000,0.186309,-0.260607,0.947298
-0.031500,1.000000,1.000000,-0.233161,-0.110758,0.966110,0.031500,1.000000,1.000000,0.182390,-0.264373,0.947017
-0.031500,1.000000,1.000000,-0.243331,-0.118063,0.962731,0.031500,1.000000,1.000000,0.171793,-0.264611,0.948930
-0.031500,1.000000,1.000000,-0.253172,-0.132885,0.958251,0.031500,1.000000,1.000000,0.171793,-0.264611,0.948930
-0.031500,1.000000,1.000000,-0.269779,-0.150388,0.951106,0.031500,1.000000,1.000000,0.174924,-0.268216,0.947345
-0.031500,1.000000,1.000000,-0.279290,-0.169078,0.945204,0.031500,1.000000,1.000000,0.178458,-0.268138,0.946707
-0.031500,1.000000,1.000000,-0.285854,-0.176539,0.941871,0.031500,1.000000,1.000000,0.185113,-0.271664,0.944421
-0.031500,1.000000,1.000000,-0.222306,-0.121182,0.967417,0.031500,1.000000,1.000000,0.181170,-0.275432,0.944095
-0.031500,1.000000,1.000000,-0.225797,-0.121125,0.966615,0.031500,1.000000,1.000000,0.174514,-0.271899,0.946370
-0.031500,1.000000,1.000000,-0.225645,-0.124863,0.966175,0.031500,1.000000,1.000000,0.147141,-0.320303,0.935818
-0.031500,1.000000,1.000000,-0.225645,-0.124863,0.966175,0.031500,1.000000,1.000000,0.152752,-0.331325,0.931070
-0.031500,1.000000,1.000000,-0.229134,-0.124807,0.965360,0.031500,1.000000,1.000000,0.153648,-0.324958,0.933164
-0.031500,1.000000,1.000000,-0.228818,-0.132288,0.964439,0.031500,1.000000,1.000000,0.153128,-0.328672,0.931948
-0.031500,1.000000,1.000000,-0.228818,-0.132288,0.964439,0.031500,1.000000,1.000000,0.152600,-0.332390,0.930715
-0.031500,1.000000,1.000000,-0.218963,-0.117503,0.968632,0.031500,1.000000,1.000000,0.153128,-0.328672,0.931948
-0.031500,1.000000,1.000000,-0.222154,-0.124919,0.966976,0.031500,1.000000,1.000000,0.153128,-0.328672,0.931948
-0.031500,1.000000,1.000000,-0.214547,-0.139003,0.966772,0.031500,1.000000,1.000000,0.094122,-0.336762,0.936874
-0.031500,1.000000,1.000000,-0.210869,-0.142788,0.967029,0.031500,1.000000,1.000000,0.101427,-0.336697,0.936134
-0.031500,1.000000,1.000000,-0.203489,-0.150349,0.967464,0.031500,1.000000,1.000000,0.112349,-0.336591,0.934925
-0.031500,1.000000,1.000000,-0.200171,-0.146660,0.968722,0.031500,1.000000,1.000000,0.118470,-0.343946,0.931486
-0.031500,1.000000,1.000000,-0.171119,-0.083846,0.981676,0.031500,1.000000,1.000000,0.117890,-0.347666,0.930177
-0.031500,1.000000,1.000000,-0.160972,-0.069158,0.984533,0.031500,1.000000,1.000000,0.115413,-0.340267,0.933219
-0.031500,1.000000,1.000000,-0.145511,-0.110164,0.983204,0.031500,1.000000,1.000000,0.114837,-0.343983,0.931927
-0.031500,1.000000,1.000000,-0.145511,-0.110164,0.983204,0.031500,1.000000,1.000000,0.129885,-0.288409,0.948657
-0.031500,1.000000,1.000000,-0.149049,-0.110122,0.982679,0.031500,1.000000,1.000000,0.129416,-0.292093,0.947594
-0.031500,1.000000,1.000000,-0.149197,-0.106413,0.983065,0.031500,1.000000,1.000000,0.124761,-0.292158,0.948197
-0.031500,1.000000,1.000000,-0.145660,-0.106455,0.983591,0.031500,1.000000,1.000000,0.121634,-0.288526,0.949715
-0.031500,1.000000,1.000000,-0.141970,-0.110204,0.983717,0.031500,1.000000,1.000000,0.121634,-0.288526,0.949715
-0.031500,1.000000,1.000000,-0.138576,-0.106538,0.984605,0.031500,1.000000,1.000000,0.122099,-0.284846,0.950765
-0.031500,1.000000,1.000000,-0.138611,-0.105633,0.984697,0.031500,1.000000,1.000000,0.122099,-0.284846,0.950765
-0.031500,1.000000,1.000000,-0.138462,-0.109339,0.984314,0.031500,1.000000,1.000000,0.122559,-0.281168,0.951800
-0.031500,1.000000,1.000000,-0.138462,-0.109339,0.984314,0.031500,1.000000,1.000000,0.113221,-0.370066,0.922080
-0.031500,1.000000,1.000000,-0.138462,-0.109339,0.984314,0.031500,1.000000,1.000000,0.116872,-0.370034,0.921637
-0.031500,1.000000,1.000000,-0.138462,-0.109339,0.984314,0.031500,1.000000,1.000000,0.120517,-0.370001,0.921181
-0.031500,1.000000,1.000000,-0.138308,-0.113044,0.983917,0.031500,1.000000,1.000000,0.117494,-0.366293,0.923052
-0.031500,1.000000,1.000000,-0.138308,-0.113044,0.983917,0.031500,1.000000,1.000000,0.113847,-0.366326,0.923496
-0.031500,1.000000,1.000000,-0.154995,-0.135101,0.978634,0.031500,1.000000,1.000000,0.114464,-0.362590,0.924893
-0.031500,1.000000,1.000000,-0.158530,-0.135061,0.978073,0.031500,1.000000,1.000000,0.117494,-0.366293,0.923052
-0.031500,1.000000,1.000000,-0.158710,-0.131347,0.978549,0.031500,1.000000,1.000000,0.449948,-0.721776,0.525915
-0.031500,1.000000,1.000000,-0.162242,-0.131306,0.977976,0.031500,1.000000,1.000000,0.339029,-0.286493,0.896092
-0.031500,1.000000,1.000000,-0.165771,-0.131263,0.977389,0.031500,1.000000,1.000000,0.287216,-0.318309,0.903430
-0.031500,1.000000,1.000000,-0.165944,-0.127548,0.977852,0.031500,1.000000,1.000000,0.258802,-0.322835,0.910384
-0.031500,1.000000,1.000000,-0.168798,-0.141438,0.975450,0.031500,1.000000,1.000000,0.249439,-0.341796,0.906066
-0.031500,1.000000,1.000000,-0.165269,-0.141480,0.976048,0.031500,1.000000,1.000000,0.238876,-0.342029,0.908820
-0.031500,1.000000,1.000000,-0.213518,-0.159482,0.963834,0.031500,1.000000,1.000000,0.231323,-0.345936,0.909295
-0.031500,1.000000,1.000000,-0.216611,-0.166913,0.961883,0.031500,1.000000,1.000000,0.218808,-0.406582,0.887025
-0.031500,1.000000,1.000000,-0.219465,-0.178100,0.959226,0.031500,1.000000,1.000000,0.238962,-0.282410,0.929054
-0.031500,1.000000,1.000000,-0.219465,-0.178100,0.959226,0.031500,1.000000,1.000000,0.234654,-0.289944,0.927831
-0.031500,1.000000,1.000000,-0.219465,-0.178100,0.959226,0.031500,1.000000,1.000000,0.235464,-0.282507,0.929917
-0.031500,1.000000,1.000000,-0.219686,-0.174355,0.959864,0.031500,1.000000,1.000000,0.244329,-0.297111,0.923054
-0.031500,1.000000,1.000000,-0.219686,-0.174355,0.959864,0.031500,1.000000,1.000000,0.246985,-0.304481,0.919940
-0.031500,1.000000,1.000000,-0.291972,-0.287588,0.912165,0.031500,1.000000,1.000000,0.257220,-0.297854,0.919304
-0.031500,1.000000,1.000000,-0.288794,-0.283737,0.914380,0.031500,1.000000,1.000000,0.253724,-0.297950,0.920245
-0.031500,1.000000,1.000000,-0.302452,-0.281021,0.910796,0.031500,1.000000,1.000000,0.210487,-0.336239,0.917953
-0.031500,1.000000,1.000000,-0.301182,-0.295313,0.906686,0.031500,1.000000,1.000000,0.212512,-0.347427,0.913309
-0.031500,1.000000,1.000000,-0.301533,-0.291443,0.907821,0.031500,1.000000,1.000000,0.210936,-0.358711,0.909303
-0.031500,1.000000,1.000000,-0.301878,-0.287577,0.908939,0.031500,1.000000,1.000000,0.217500,-0.362360,0.906305
-0.031500,1.000000,1.000000,-0.301878,-0.287577,0.908939,0.031500,1.000000,1.000000,0.221049,-0.362300,0.905470
-0.031500,1.000000,1.000000,-0.301878,-0.287577,0.908939,0.031500,1.000000,1.000000,0.225647,-0.354695,0.907345
-0.031500,1.000000,1.000000,-0.235618,-0.241944,0.941248,0.031500,1.000000,1.000000,0.246848,-0.354286,0.901969
-0.031500,1.000000,1.000000,-0.235307,-0.245735,0.940343,0.031500,1.000000,1.000000,0.188591,-0.314307,0.930400
-0.031500,1.000000,1.000000,-0.238505,-0.249512,0.938541,0.031500,1.000000,1.000000,0.182432,-0.307005,0.934059
-0.031500,1.000000,1.000000,-0.238185,-0.253311,0.937604,0.031500,1.000000,1.000000,0.189061,-0.310587,0.931553
-0.031500,1.000000,1.000000,-0.237860,-0.257113,0.936651,0.031500,1.000000,1.000000,0.189061,-0.310587,0.931553
-0.031500,1.000000,1.000000,-0.234010,-0.260931,0.936565,0.031500,1.000000,1.000000,0.198750,-0.317829,0.927083
-0.031500,1.000000,1.000000,-0.233672,-0.264738,0.935581,0.031500,1.000000,1.000000,0.188591,-0.314307,0.930400
-0.031500,1.000000,1.000000,-0.211079,-0.241049,0.947281,0.031500,1.000000,1.000000,0.182432,-0.307005,0.934059
-0.031500,1.000000,1.000000,-0.211079,-0.241049,0.947281,0.031500,1.000000,1.000000,0.051874,-0.188056,0.980787
-0.031500,1.000000,1.000000,-0.211079,-0.241049,0.947281,0.031500,1.000000,1.000000,0.048217,-0.188084,0.980969
-0.031500,1.000000,1.000000,-0.207553,-0.241070,0.948054,0.031500,1.000000,1.000000,0.052197,-0.184418,0.981461
-0.031500,1.000000,1.000000,-0.211701,-0.233500,0.949031,0.031500,1.000000,1.000000,0.055846,-0.184387,0.981266
-0.031500,1.000000,1.000000,-0.209076,-0.222223,0.952315,0.031500,1.000000,1.000000,0.060110,-0.177077,0.982360
-0.031500,1.000000,1.000000,-0.195061,-0.221326,0.955493,0.031500,1.000000,1.000000,0.067964,-0.169724,0.983145
-0.031500,1.000000,1.000000,-0.175141,-0.247765,0.952858,0.031500,1.000000,1.000000,0.067673,-0.173363,0.982530
-0.031500,1.000000,1.000000,-0.207954,-0.236268,0.949175,0.031500,1.000000,1.000000,0.067072,-0.180643,0.981259
-0.031500,1.000000,1.000000,-0.207640,-0.240039,0.948297,0.031500,1.000000,1.000000,0.252887,-0.305427,0.918021
-0.031500,1.000000,1.000000,-0.210524,-0.247568,0.945722,0.031500,1.000000,1.000000,0.265599,-0.316303,0.910719
-0.031500,1.000000,1.000000,-0.210524,-0.247568,0.945722,0.031500,1.000000,1.000000,0.279585,-0.315925,0.906655
-0.031500,1.000000,1.000000,-0.213147,-0.257848,0.942381,0.031500,1.000000,1.000000,0.285711,-0.323264,0.902147
-0.031500,1.000000,1.000000,-0.213483,-0.254065,0.943332,0.031500,1.000000,1.000000,0.282650,-0.319592,0.904417
-0.031500,1.000000,1.000000,-0.209251,-0.250313,0.945282,0.031500,1.000000,1.000000,0.267318,-0.331259,0.904881
-0.031500,1.000000,1.000000,-0.252978,-0.231067,0.939473,0.031500,1.000000,1.000000,0.260303,-0.331429,0.906861
-0.031500,1.000000,1.000000,-0.259491,-0.237501,0.936086,0.031500,1.000000,1.000000,0.263811,-0.331345,0.905878
-0.031500,1.000000,1.000000,-0.266782,-0.233637,0.935009,0.031500,1.000000,1.000000,0.220855,-0.309930,0.924752
-0.031500,1.000000,1.000000,-0.273780,-0.233558,0.933003,0.031500,1.000000,1.000000,0.219947,-0.317395,0.922434
-0.031500,1.000000,1.000000,-0.273780,-0.233558,0.933003,0.031500,1.000000,1.000000,0.227446,-0.313504,0.921945
-0.031500,1.000000,1.000000,-0.273293,-0.240060,0.931494,0.031500,1.000000,1.000000,0.232170,-0.332066,0.914237
-0.031500,1.000000,1.000000,-0.259282,-0.240217,0.935451,0.031500,1.000000,1.000000,0.239686,-0.328161,0.913707
-0.031500,1.000000,1.000000,-0.226413,-0.255651,0.939883,0.031500,1.000000,1.000000,0.249297,-0.335438,0.908478
-0.031500,1.000000,1.000000,-0.226738,-0.251869,0.940825,0.031500,1.000000,1.000000,0.246252,-0.331757,0.910657
-0.031500,1.000000,1.000000,-0.229936,-0.255623,0.939035,0.031500,1.000000,1.000000,0.222290,-0.265417,0.938158
-0.031500,1.000000,1.000000,-0.236744,-0.258286,0.936611,0.031500,1.000000,1.000000,0.212472,-0.291560,0.932657
-0.031500,1.000000,1.000000,-0.240586,-0.254469,0.936677,0.031500,1.000000,1.000000,0.216407,-0.287762,0.932931
-0.031500,1.000000,1.000000,-0.273086,-0.242767,0.930853,0.031500,1.000000,1.000000,0.202748,-0.284381,0.937027
-0.031500,1.000000,1.000000,-0.336802,-0.230443,0.912941,0.031500,1.000000,1.000000,0.193827,-0.291973,0.936581
-0.031500,1.000000,1.000000,-0.262027,-0.110552,0.958708,0.031500,1.000000,1.000000,0.246562,-0.290701,0.924500
-0.031500,1.000000,1.000000,-0.230438,-0.118839,0.965803,0.031500,1.000000,1.000000,0.295397,-0.289231,0.910541
-0.031500,1.000000,1.000000,-0.209530,-0.118368,0.970611,0.031500,1.000000,1.000000,0.377891,-0.781460,0.496507
-0.031500,1.000000,1.000000,-0.213172,-0.114571,0.970274,0.031500,1.000000,1.000000,0.394878,-0.740955,0.543191
-0.031500,1.000000,1.000000,-0.209820,-0.110934,0.971426,0.031500,1.000000,1.000000,0.362270,-0.724060,0.586939
-0.031500,1.000000,1.000000,-0.213172,-0.114571,0.970274,0.031500,1.000000,1.000000,0.243561,-0.809400,0.534368
-0.031500,1.000000,1.000000,-0.241969,-0.169786,0.955313,0.031500,1.000000,1.000000,0.233499,-0.313365,0.920479
-0.031500,1.000000,1.000000,-0.241603,-0.176261,0.954233,0.031500,1.000000,1.000000,0.210960,-0.325034,0.921873
-0.031500,1.000000,1.000000,-0.241816,-0.172524,0.954862,0.031500,1.000000,1.000000,0.182535,-0.351664,0.918158
-0.031500,1.000000,1.000000,-0.234826,-0.172666,0.956579,0.031500,1.000000,1.000000,0.166782,-0.336972,0.926625
-0.031500,1.000000,1.000000,-0.238108,-0.176332,0.955098,0.031500,1.000000,1.000000,0.160143,-0.333349,0.929103
-0.031500,1.000000,1.000000,-0.234611,-0.176401,0.955950,0.031500,1.000000,1.000000,0.157591,-0.325957,0.932157
-0.031500,1.000000,1.000000,-0.238321,-0.172595,0.955727,0.031500,1.000000,1.000000,0.172386,-0.322015,0.930908
-0.031500,1.000000,1.000000,-0.238378,-0.171598,0.955892,0.031500,1.000000,1.000000,0.182083,-0.329287,0.926507
-0.031500,1.000000,1.000000,-0.183397,-0.250850,0.950494,0.031500,1.000000,1.000000,0.172876,-0.318296,0.932095
-0.031500,1.000000,1.000000,-0.183397,-0.250850,0.950494,0.031500,1.000000,1.000000,0.129346,-0.322631,0.937645
-0.031500,1.000000,1.000000,-0.179505,-0.254634,0.950231,0.031500,1.000000,1.000000,0.126255,-0.318969,0.939318
-0.031500,1.000000,1.000000,-0.175949,-0.254666,0.950888,0.031500,1.000000,1.000000,0.126255,-0.318969,0.939318
-0.031500,1.000000,1.000000,-0.175601,-0.258417,0.949940,0.031500,1.000000,1.000000,0.129346,-0.322631,0.937645
-0.031500,1.000000,1.000000,-0.171057,-0.268686,0.947917,0.031500,1.000000,1.000000,0.128752,-0.300476,0.945059
-0.031500,1.000000,1.000000,-0.166737,-0.276229,0.946518,0.031500,1.000000,1.000000,0.125632,-0.296833,0.946629
-0.031500,1.000000,1.000000,-0.179658,-0.321516,0.929704,0.031500,1.000000,1.000000,0.117937,-0.300616,0.946425
-0.031500,1.000000,1.000000,-0.187257,-0.317680,0.929524,0.031500,1.000000,1.000000,0.093547,-0.293529,0.951362
-0.031500,1.000000,1.000000,-0.180537,-0.313911,0.932130,0.031500,1.000000,1.000000,0.101773,-0.286094,0.952781
-0.031500,1.000000,1.000000,-0.181391,-0.306320,0.934487,0.031500,1.000000,1.000000,0.098493,-0.283445,0.953917
-0.031500,1.000000,1.000000,-0.188949,-0.302489,0.934237,0.031500,1.000000,1.000000,0.095796,-0.276132,0.956334
-0.031500,1.000000,1.000000,-0.199641,-0.302425,0.932032,0.031500,1.000000,1.000000,0.099873,-0.272418,0.956981
-0.031500,1.000000,1.000000,-0.201489,-0.308913,0.929503,0.031500,1.000000,1.000000,0.118354,-0.268519,0.955976
-0.031500,1.000000,1.000000,-0.197508,-0.312733,0.929079,0.031500,1.000000,1.000000,0.129546,-0.264688,0.955593
-0.031500,1.000000,1.000000,-0.010053,-0.142898,0.989686,0.031500,1.000000,1.000000,0.180989,-0.447782,0.875634
-0.031500,1.000000,1.000000,-0.017696,-0.139215,0.990104,0.031500,1.000000,1.000000,0.178084,-0.443940,0.878182
-0.031500,1.000000,1.000000,-0.021615,-0.135535,0.990537,0.031500,1.000000,1.000000,0.178802,-0.440081,0.879976
-0.031500,1.000000,1.000000,-0.029203,-0.131842,0.990841,0.031500,1.000000,1.000000,0.167904,-0.440154,0.882084
-0.031500,1.000000,1.000000,-0.033290,-0.124484,0.991663,0.031500,1.000000,1.000000,0.164987,-0.436329,0.884532
-0.031500,1.000000,1.000000,-0.037343,-0.117123,0.992415,0.031500,1.000000,1.000000,0.155493,-0.428724,0.889954
-0.031500,1.000000,1.000000,-0.044705,-0.116214,0.992218,0.031500,1.000000,1.000000,0.158423,-0.432535,0.887590
-0.031500,1.000000,1.000000,-0.164826,-0.248011,0.954632,0.031500,1.000000,1.000000,0.500015,-0.788210,0.358761
-0.031500,1.000000,1.000000,-0.169374,-0.236779,0.956686,0.031500,1.000000,1.000000,0.510224,-0.809660,0.290036
-0.031500,1.000000,1.000000,-0.169691,-0.233051,0.957545,0.031500,1.000000,1.000000,0.510224,-0.809660,0.290036
-0.031500,1.000000,1.000000,-0.173555,-0.229283,0.957762,0.031500,1.000000,1.000000,0.539517,-0.770714,0.338999
-0.031500,1.000000,1.000000,-0.210344,-0.210133,0.954777,0.031500,1.000000,1.000000,0.529283,-0.815272,0.234928
-0.031500,1.000000,1.000000,-0.204725,-0.123931,0.970942,0.031500,1.000000,1.000000,0.195387,-0.278190,0.940444
-0.031500,1.000000,1.000000,-0.211726,-0.123752,0.969462,0.031500,1.000000,1.000000,0.203232,-0.270624,0.940988
-0.031500,1.000000,1.000000,-0.218870,-0.119854,0.968365,0.031500,1.000000,1.000000,0.206355,-0.274246,0.939259
-0.031500,1.000000,1.000000,-0.212026,-0.116331,0.970315,0.031500,1.000000,1.000000,0.211028,-0.263049,0.941420
-0.031500,1.000000,1.000000,-0.201527,-0.116605,0.972517,0.031500,1.000000,1.000000,0.206183,-0.241053,0.948358
-0.031500,1.000000,1.000000,-0.194665,-0.113075,0.974330,0.031500,1.000000,1.000000,0.191790,-0.245099,0.950338
-0.031500,1.000000,1.000000,-0.182021,-0.157738,0.970560,0.031500,1.000000,1.000000,0.183259,-0.260016,0.948055
-0.031500,1.000000,1.000000,-0.081044,-0.115055,0.990048,0.031500,1.000000,1.000000,0.083797,-0.399897,0.912721
-0.031500,1.000000,1.000000,-0.081044,-0.115055,0.990048,0.031500,1.000000,1.000000,0.080796,-0.396135,0.914631
-0.031500,1.000000,1.000000,-0.081376,-0.107703,0.990847,0.031500,1.000000,1.000000,0.084507,-0.396118,0.914303
-0.031500,1.000000,1.000000,-0.088416,-0.111302,0.989846,0.031500,1.000000,1.000000,0.079857,-0.381082,0.921086
-0.031500,1.000000,1.000000,-0.091715,-0.117731,0.988801,0.031500,1.000000,1.000000,0.078486,-0.388608,0.918054
-0.031500,1.000000,1.000000,-0.098544,-0.124998,0.987251,0.031500,1.000000,1.000000,0.074772,-0.388625,0.918357
-0.031500,1.000000,1.000000,-0.101758,-0.132309,0.985971,0.031500,1.000000,1.000000,0.081193,-0.373572,0.924041
-0.031500,1.000000,1.000000,-0.108731,-0.135897,0.984738,0.031500,1.000000,1.000000,0.077492,-0.373591,0.924351
-0.031500,1.000000,1.000000,-0.107228,-0.250267,0.962221,0.031500,1.000000,1.000000,0.110044,-0.354678,0.928490
-0.031500,1.000000,1.000000,-0.103234,-0.254008,0.961677,0.031500,1.000000,1.000000,0.117664,-0.328555,0.937127
-0.031500,1.000000,1.000000,-0.106094,-0.261423,0.959376,0.031500,1.000000,1.000000,0.116566,-0.335994,0.934623
-0.031500,1.000000,1.000000,-0.110098,-0.257677,0.959938,0.031500,1.000000,1.000000,0.116566,-0.335994,0.934623
-0.031500,1.000000,1.000000,-0.107228,-0.250267,0.962221,0.031500,1.000000,1.000000,0.119637,-0.339684,0.932900
-0.031500,1.000000,1.000000,-0.106856,-0.253983,0.961288,0.031500,1.000000,1.000000,0.111801,-0.343479,0.932482
-0.031500,1.000000,1.000000,-0.103234,-0.254008,0.961677,0.031500,1.000000,1.000000,0.108731,-0.339785,0.934197
-0.031500,1.000000,1.000000,-0.128141,-0.257540,0.957733,0.031500,1.000000,1.000000,0.110637,-0.350941,0.929838
-0.031500,1.000000,1.000000,-0.128507,-0.253817,0.958678,0.031500,1.000000,1.000000,0.127645,-0.358261,0.924855
-0.031500,1.000000,1.000000,-0.124638,-0.256582,0.958452,0.031500,1.000000,1.000000,0.192959,-0.327544,0.924923
-0.031500,1.000000,1.000000,-0.115266,-0.241815,0.963452,0.031500,1.000000,1.000000,0.228999,-0.219297,0.948403
-0.031500,1.000000,1.000000,-0.115266,-0.241815,0.963452,0.031500,1.000000,1.000000,0.203078,-0.195305,0.959487
-0.031500,1.000000,1.000000,-0.122121,-0.245464,0.961683,0.031500,1.000000,1.000000,0.164516,-0.196317,0.966641
-0.031500,1.000000,1.000000,-0.125720,-0.245432,0.961227,0.031500,1.000000,1.000000,0.139781,-0.196852,0.970418
-0.031500,1.000000,1.000000,-0.182798,-0.346432,0.920092,0.031500,1.000000,1.000000,0.136234,-0.196921,0.970908
-0.031500,1.000000,1.000000,-0.174620,-0.354102,0.918760,0.031500,1.000000,1.000000,0.132986,-0.193328,0.972080
-0.031500,1.000000,1.000000,-0.175114,-0.350282,0.920129,0.031500,1.000000,1.000000,0.136833,-0.189598,0.972280
-0.031500,1.000000,1.000000,-0.168880,-0.342689,0.924145,0.031500,1.000000,1.000000,0.128370,-0.160541,0.978646
-0.031500,1.000000,1.000000,-0.165755,-0.338901,0.926105,0.031500,1.000000,1.000000,0.112797,-0.179083,0.977346
-0.031500,1.000000,1.000000,-0.188033,-0.361707,0.913133,0.031500,1.000000,1.000000,0.104445,-0.193813,0.975463
-0.031500,1.000000,1.000000,-0.214266,-0.380892,0.899451,0.031500,1.000000,1.000000,0.099887,-0.204827,0.973688
-0.031500,1.000000,1.000000,-0.214778,-0.377023,0.900957,0.031500,1.000000,1.000000,0.110973,-0.201014,0.973282
-0.031500,1.000000,1.000000,-0.212194,-0.369312,0.904755,0.031500,1.000000,1.000000,0.129732,-0.189735,0.973227
-0.031500,1.000000,1.000000,-0.151919,-0.354185,0.922753,0.031500,1.000000,1.000000,0.134143,-0.178689,0.974718
-0.031500,1.000000,1.000000,-0.200806,-0.337586,0.919626,0.031500,1.000000,1.000000,0.089791,-0.234173,0.968039
-0.031500,1.000000,1.000000,-0.159061,-0.326477,0.931726,0.031500,1.000000,1.000000,0.104503,-0.231281,0.967258
-0.031500,1.000000,1.000000,-0.115569,-0.326705,0.938034,0.031500,1.000000,1.000000,0.104503,-0.231281,0.967258
-0.031500,1.000000,1.000000,-0.104118,-0.330523,0.938037,0.031500,1.000000,1.000000,0.090459,-0.227792,0.969499
-0.031500,1.000000,1.000000,-0.103613,-0.334298,0.936754,0.031500,1.000000,1.000000,0.086843,-0.227832,0.969820
-0.031500,1.000000,1.000000,-0.096790,-0.330550,0.938812,0.031500,1.000000,1.000000,0.086843,-0.227832,0.969820
-0.031500,1.000000,1.000000,-0.094124,-0.323027,0.941698,0.031500,1.000000,1.000000,0.180052,-0.288992,0.940247
-0.031500,1.000000,1.000000,-0.050828,-0.315645,0.947515,0.031500,1.000000,1.000000,0.121983,-0.297235,0.946980
-0.031500,1.000000,1.000000,0.002351,-0.319450,0.947600,0.031500,1.000000,1.000000,0.096145,-0.301192,0.948704
-0.031500,1.000000,1.000000,0.014373,-0.323198,0.946222,0.031500,1.000000,1.000000,0.094594,-0.312298,0.945263
-0.031500,1.000000,1.000000,0.007305,-0.326958,0.945011,0.031500,1.000000,1.000000,0.090413,-0.316035,0.944430
-0.031500,1.000000,1.000000,0.000261,-0.330719,0.943729,0.031500,1.000000,1.000000,0.090413,-0.316035,0.944430
-0.031500,1.000000,1.000000,-0.006924,-0.333438,0.942746,0.031500,1.000000,1.000000,0.094063,-0.316006,0.944083
-0.031500,1.000000,1.000000,-0.006339,-0.337202,0.941411,0.031500,1.000000,1.000000,0.090413,-0.316035,0.944430
-0.031500,1.000000,1.000000,-0.005745,-0.340969,0.940057,0.031500,1.000000,1.000000,0.094594,-0.312298,0.945263
-0.031500,1.000000,1.000000,-0.108157,-0.265889,0.957917,0.031500,1.000000,1.000000,0.098237,-0.312268,0.944901
-0.031500,1.000000,1.000000,-0.108157,-0.265889,0.957917,0.031500,1.000000,1.000000,0.104985,-0.315913,0.942962
-0.031500,1.000000,1.000000,-0.112544,-0.258431,0.959452,0.031500,1.000000,1.000000,0.109511,-0.309484,0.944578
-0.031500,1.000000,1.000000,-0.113284,-0.251009,0.961333,0.031500,1.000000,1.000000,0.106900,-0.302103,0.947262
-0.031500,1.000000,1.000000,-0.116530,-0.254688,0.959976,0.031500,1.000000,1.000000,0.107398,-0.298400,0.948379
-0.031500,1.000000,1.000000,-0.115009,-0.269553,0.956093,0.031500,1.000000,1.000000,0.111505,-0.294663,0.949074
-0.031500,1.000000,1.000000,-0.119014,-0.265804,0.956653,0.031500,1.000000,1.000000,0.125454,-0.298210,0.946220
-0.031500,1.000000,1.000000,-0.103511,-0.239988,0.965242,0.031500,1.000000,1.000000,0.139824,-0.298037,0.944258
-0.031500,1.000000,1.000000,-0.113646,-0.247302,0.962251,0.031500,1.000000,1.000000,0.151025,-0.294184,0.943741
-0.031500,1.000000,1.000000,-0.120503,-0.250945,0.960471,0.031500,1.000000,1.000000,0.154134,-0.297846,0.942088
-0.031500,1.000000,1.000000,-0.126982,-0.258306,0.957681,0.031500,1.000000,1.000000,0.150562,-0.297896,0.942650
-0.031500,1.000000,1.000000,-0.133439,-0.265678,0.954782,0.031500,1.000000,1.000000,0.137547,-0.180466,0.973916
-0.031500,1.000000,1.000000,-0.136659,-0.269369,0.953291,0.031500,1.000000,1.000000,0.141632,-0.173066,0.974674
-0.031500,1.000000,1.000000,-0.139874,-0.273063,0.951773,0.031500,1.000000,1.000000,0.148698,-0.172915,0.973647
-0.031500,1.000000,1.000000,-0.123841,-0.288113,0.949555,0.031500,1.000000,1.000000,0.151961,-0.176505,0.972499
-0.031500,1.000000,1.000000,-0.123111,-0.294568,0.947667,0.031500,1.000000,1.000000,0.151690,-0.180173,0.971868
-0.031500,1.000000,1.000000,-0.125426,-0.305771,0.943807,0.031500,1.000000,1.000000,0.148159,-0.180249,0.972399
-0.031500,1.000000,1.000000,-0.149225,-0.373721,0.915459,0.031500,1.000000,1.000000,0.144346,-0.183989,0.972272
-0.031500,1.000000,1.000000,-0.149225,-0.373721,0.915459,0.031500,1.000000,1.000000,-0.005375,-0.258488,0.965999
-0.031500,1.000000,1.000000,-0.152317,-0.377538,0.913381,0.031500,1.000000,1.000000,-0.024367,-0.258458,0.965715
-0.031500,1.000000,1.000000,-0.152317,-0.377538,0.913381,0.031500,1.000000,1.000000,-0.016379,-0.255758,0.966602
-0.031500,1.000000,1.000000,0.021994,-0.269011,0.962886,0.031500,1.000000,1.000000,-0.012425,-0.263100,0.964689
-0.031500,1.000000,1.000000,0.014381,-0.269021,0.963027,0.031500,1.000000,1.000000,-0.012938,-0.266770,0.963673
-0.031500,1.000000,1.000000,0.010585,-0.269024,0.963075,0.031500,1.000000,1.000000,-0.005872,-0.270449,0.962716
-0.031500,1.000000,1.000000,0.010585,-0.269024,0.963075,0.031500,1.000000,1.000000,-0.013459,-0.270442,0.962642
-0.031500,1.000000,1.000000,0.010120,-0.265323,0.964106,0.031500,1.000000,1.000000,0.059741,-0.281312,0.957755
-0.031500,1.000000,1.000000,0.017252,-0.261616,0.965018,0.031500,1.000000,1.000000,0.138675,-0.340038,0.930131
-0.031500,1.000000,1.000000,-0.043170,-0.257860,0.965217,0.031500,1.000000,1.000000,0.135620,-0.336327,0.931929
-0.031500,1.000000,1.000000,-0.156901,-0.201463,0.966848,0.031500,1.000000,1.000000,0.127840,-0.340137,0.931646
-0.031500,1.000000,1.000000,-0.149506,-0.205267,0.967219,0.031500,1.000000,1.000000,0.130894,-0.343851,0.929857
-0.031500,1.000000,1.000000,-0.149223,-0.208962,0.966472,0.031500,1.000000,1.000000,0.142279,-0.340003,0.929599
-0.031500,1.000000,1.000000,-0.152787,-0.208910,0.965926,0.031500,1.000000,1.000000,0.152520,-0.343645,0.926631
-0.031500,1.000000,1.000000,-0.149506,-0.205267,0.967219,0.031500,1.000000,1.000000,0.160260,-0.217608,0.962789
-0.031500,1.000000,1.000000,-0.145941,-0.205320,0.967753,0.031500,1.000000,1.000000,0.160260,-0.217608,0.962789
-0.031500,1.000000,1.000000,-0.149783,-0.201574,0.967953,0.031500,1.000000,1.000000,0.153191,-0.217745,0.963908
-0.031500,1.000000,1.000000,-0.113498,-0.157946,0.980903,0.031500,1.000000,1.000000,0.142562,-0.217940,0.965494
-0.031500,1.000000,1.000000,-0.109510,-0.164435,0.980290,0.031500,1.000000,1.000000,0.139349,-0.214328,0.966771
-0.031500,1.000000,1.000000,-0.113328,-0.160713,0.980474,0.031500,1.000000,1.000000,0.136456,-0.207047,0.968768
-0.031500,1.000000,1.000000,-0.113553,-0.157039,0.981042,0.031500,1.000000,1.000000,0.141247,-0.192305,0.971117
-0.031500,1.000000,1.000000,-0.117353,-0.153314,0.981185,0.031500,1.000000,1.000000,0.149658,-0.174748,0.973173
-0.031500,1.000000,1.000000,-0.120929,-0.153260,0.980759,0.031500,1.000000,1.000000,0.156969,-0.170925,0.972700
-0.031500,1.000000,1.000000,-0.129769,-0.182520,0.974601,0.031500,1.000000,1.000000,0.160742,-0.167172,0.972736
-0.031500,1.000000,1.000000,-0.164802,-0.308159,0.936952,0.031500,1.000000,1.000000,0.194418,-0.295593,0.935322
-0.031500,1.000000,1.000000,-0.174180,-0.207598,0.962582,0.031500,1.000000,1.000000,0.241556,-0.246250,0.938622
-0.031500,1.000000,1.000000,-0.177724,-0.207535,0.961948,0.031500,1.000000,1.000000,0.376307,-0.597049,0.708467
-0.031500,1.000000,1.000000,-0.185072,-0.203701,0.961381,0.031500,1.000000,1.000000,0.267846,-0.104493,0.957779
-0.031500,1.000000,1.000000,-0.192656,-0.196155,0.961461,0.031500,1.000000,1.000000,0.236294,-0.120673,0.964159
-0.031500,1.000000,1.000000,-0.200200,-0.188597,0.961432,0.031500,1.000000,1.000000,0.223544,-0.121161,0.967134
-0.031500,1.000000,1.000000,-0.214736,-0.180857,0.959781,0.031500,1.000000,1.000000,0.207004,-0.169626,0.963523
-0.031500,1.000000,1.000000,-0.243274,-0.307252,0.920007,0.031500,1.000000,1.000000,0.203526,-0.169728,0.964246
-0.031500,1.000000,1.000000,-0.253145,-0.314690,0.914816,0.031500,1.000000,1.000000,0.203526,-0.169728,0.964246
-0.031500,1.000000,1.000000,-0.274024,-0.318197,0.907558,0.031500,1.000000,1.000000,0.200288,-0.166142,0.965547
-0.031500,1.000000,1.000000,-0.303057,-0.310122,0.901100,0.031500,1.000000,1.000000,0.200288,-0.166142,0.965547
-0.031500,1.000000,1.000000,-0.178411,-0.270605,0.946014,0.031500,1.000000,1.000000,0.106355,-0.197465,0.974524
-0.031500,1.000000,1.000000,-0.192583,-0.338089,0.921199,0.031500,1.000000,1.000000,0.106674,-0.193802,0.975224
-0.031500,1.000000,1.000000,-0.192127,-0.341886,0.919892,0.031500,1.000000,1.000000,0.106674,-0.193802,0.975224
-0.031500,1.000000,1.000000,-0.192127,-0.341886,0.919892,0.031500,1.000000,1.000000,0.078216,-0.190493,0.978568
-0.031500,1.000000,1.000000,-0.192127,-0.341886,0.919892,0.031500,1.000000,1.000000,0.027667,-0.184447,0.982453
-0.031500,1.000000,1.000000,-0.192583,-0.338089,0.921199,0.031500,1.000000,1.000000,0.009132,-0.184492,0.982792
-0.031500,1.000000,1.000000,-0.192127,-0.341886,0.919892,0.031500,1.000000,1.000000,0.078903,-0.132942,0.987978
-0.031500,1.000000,1.000000,-0.013717,-0.331354,0.943407,0.031500,1.000000,1.000000,0.078676,-0.136598,0.987497
-0.031500,1.000000,1.000000,-0.006704,-0.327608,0.944790,0.031500,1.000000,1.000000,0.075074,-0.136641,0.987772
-0.031500,1.000000,1.000000,-0.011605,-0.320118,0.947307,0.031500,1.000000,1.000000,0.070990,-0.143992,0.987029
-0.031500,1.000000,1.000000,-0.133829,-0.346052,0.928622,0.031500,1.000000,1.000000,0.150725,-0.338331,0.928878
-0.031500,1.000000,1.000000,-0.130188,-0.346070,0.929132,0.031500,1.000000,1.000000,0.146581,-0.342121,0.928152
-0.031500,1.000000,1.000000,-0.126180,-0.348782,0.928671,0.031500,1.000000,1.000000,0.146581,-0.342121,0.928152
-0.031500,1.000000,1.000000,-0.137611,-0.344941,0.928482,0.031500,1.000000,1.000000,0.146022,-0.345882,0.926846
-0.031500,1.000000,1.000000,-0.216900,-0.344344,0.913445,0.031500,1.000000,1.000000,0.146022,-0.345882,0.926846
-0.031500,1.000000,1.000000,-0.246856,-0.149321,0.957479,0.031500,1.000000,1.000000,0.137599,-0.275192,0.951491
-0.031500,1.000000,1.000000,-0.205700,-0.348246,0.914556,0.031500,1.000000,1.000000,0.124057,-0.297570,0.946605
-0.031500,1.000000,1.000000,-0.210188,-0.340607,0.916410,0.031500,1.000000,1.000000,0.124541,-0.293857,0.947701
-0.031500,1.000000,1.000000,-0.214642,-0.332976,0.918181,0.031500,1.000000,1.000000,0.117820,-0.290219,0.949679
-0.031500,1.000000,1.000000,-0.229757,-0.325230,0.917299,0.031500,1.000000,1.000000,0.106991,-0.290323,0.950929
-0.031500,1.000000,1.000000,-0.284896,-0.305467,0.908584,0.031500,1.000000,1.000000,0.091989,-0.294150,0.951322
-0.031500,1.000000,1.000000,-0.130843,-0.244214,0.960854,0.031500,1.000000,1.000000,0.208745,-0.330133,0.920564
-0.031500,1.000000,1.000000,-0.135107,-0.236771,0.962126,0.031500,1.000000,1.000000,0.208745,-0.330133,0.920564
-0.031500,1.000000,1.000000,-0.139338,-0.229331,0.963324,0.031500,1.000000,1.000000,0.205702,-0.326417,0.922572
-0.031500,1.000000,1.000000,-0.143230,-0.225587,0.963637,0.031500,1.000000,1.000000,0.200411,-0.312576,0.928511
-0.031500,1.000000,1.000000,-0.146805,-0.225537,0.963110,0.031500,1.000000,1.000000,0.197807,-0.305127,0.931542
-0.031500,1.000000,1.000000,-0.150378,-0.225486,0.962571,0.031500,1.000000,1.000000,0.497254,-0.652852,0.571422
-0.031500,1.000000,1.000000,-0.153326,-0.232833,0.960354,0.031500,1.000000,1.000000,0.473266,-0.627616,0.618157
-0.031500,1.000000,1.000000,-0.193021,-0.390413,0.900178,0.031500,1.000000,1.000000,0.339399,-0.691399,0.637789
-0.031500,1.000000,1.000000,-0.193021,-0.390413,0.900178,0.031500,1.000000,1.000000,0.283420,-0.176402,0.942632
-0.031500,1.000000,1.000000,-0.193021,-0.390413,0.900178,0.031500,1.000000,1.000000,0.248492,-0.185064,0.950791
-0.031500,1.000000,1.000000,-0.193021,-0.390413,0.900178,0.031500,1.000000,1.000000,0.234132,-0.192914,0.952873
-0.031500,1.000000,1.000000,-0.196637,-0.390398,0.899402,0.031500,1.000000,1.000000,0.227470,-0.189413,0.955186
-0.031500,1.000000,1.000000,-0.208512,-0.382644,0.900059,0.031500,1.000000,1.000000,0.227200,-0.193117,0.954508
-0.031500,1.000000,1.000000,-0.281172,-0.374451,0.883588,0.031500,1.000000,1.000000,0.557977,-0.627944,0.542538
-0.031500,1.000000,1.000000,-0.180666,-0.375114,0.909202,0.031500,1.000000,1.000000,0.584873,-0.691811,0.423463
-0.031500,1.000000,1.000000,-0.180666,-0.375114,0.909202,0.031500,1.000000,1.000000,0.582502,-0.670223,0.459884
-0.031500,1.000000,1.000000,-0.180666,-0.375114,0.909202,0.031500,1.000000,1.000000,0.533140,-0.640780,0.552415
-0.031500,1.000000,1.000000,-0.177567,-0.371307,0.911373,0.031500,1.000000,1.000000,0.418941,-0.726769,0.544330
-0.031500,1.000000,1.000000,-0.177048,-0.375133,0.909906,0.031500,1.000000,1.000000,0.322120,-0.212218,0.922606
-0.031500,1.000000,1.000000,-0.173948,-0.371326,0.912063,0.031500,1.000000,1.000000,0.260976,-0.203199,0.943717
-0.031500,1.000000,1.000000,-0.180666,-0.375114,0.909202,0.031500,1.000000,1.000000,0.236763,-0.203938,0.949922
-0.031500,1.000000,1.000000,-0.197101,-0.359737,0.911998,0.031500,1.000000,1.000000,0.217060,-0.189710,0.957546
-0.031500,1.000000,1.000000,-0.200213,-0.363531,0.909813,0.031500,1.000000,1.000000,0.248514,-0.229566,0.941031
-0.031500,1.000000,1.000000,-0.197101,-0.359737,0.911998,0.031500,1.000000,1.000000,0.275251,-0.239976,0.930939
-0.031500,1.000000,1.000000,-0.198055,-0.352112,0.914763,0.031500,1.000000,1.000000,0.294673,-0.254364,0.921123
-0.031500,1.000000,1.000000,-0.197101,-0.359737,0.911998,0.031500,1.000000,1.000000,0.295007,-0.250606,0.922045
-0.031500,1.000000,1.000000,-0.201647,-0.352084,0.913989,0.031500,1.000000,1.000000,0.298789,-0.246744,0.921869
-0.031500,1.000000,1.000000,-0.202112,-0.348276,0.915344,0.031500,1.000000,1.000000,0.298789,-0.246744,0.921869
-0.031500,1.000000,1.000000,-0.286593,-0.324463,0.901437,0.031500,1.000000,1.000000,0.298128,-0.254261,0.920039
-0.031500,1.000000,1.000000,-0.297596,-0.320475,0.899295,0.031500,1.000000,1.000000,0.295007,-0.250606,0.922045
-0.031500,1.000000,1.000000,-0.297224,-0.324300,0.898047,0.031500,1.000000,1.000000,0.286249,-0.232175,0.929600
-0.031500,1.000000,1.000000,-0.296845,-0.328127,0.896781,0.031500,1.000000,1.000000,0.256665,-0.214473,0.942404
-0.031500,1.000000,1.000000,-0.300766,-0.324243,0.896887,0.031500,1.000000,1.000000,0.246577,-0.211063,0.945861
-0.031500,1.000000,1.000000,-0.296845,-0.328127,0.896781,0.031500,1.000000,1.000000,0.246577,-0.211063,0.945861
-0.031500,1.000000,1.000000,-0.296845,-0.328127,0.896781,0.031500,1.000000,1.000000,0.243114,-0.211164,0.946734
-0.031500,1.000000,1.000000,-0.290137,-0.324409,0.900322,0.031500,1.000000,1.000000,0.246577,-0.211063,0.945861
-0.031500,1.000000,1.000000,-0.209110,-0.284082,0.935719,0.031500,1.000000,1.000000,0.233980,-0.304531,0.923317
-0.031500,1.000000,1.000000,-0.205555,-0.284134,0.936491,0.031500,1.000000,1.000000,0.230913,-0.300835,0.925299
-0.031500,1.000000,1.000000,-0.209470,-0.280333,0.936769,0.031500,1.000000,1.000000,0.223326,-0.305807,0.925531
-0.031500,1.000000,1.000000,-0.209825,-0.276587,0.937802,0.031500,1.000000,1.000000,0.219359,-0.309625,0.925210
-0.031500,1.000000,1.000000,-0.209470,-0.280333,0.936769,0.031500,1.000000,1.000000,0.222416,-0.313335,0.923229
-0.031500,1.000000,1.000000,-0.206274,-0.276641,0.938574,0.031500,1.000000,1.000000,0.215380,-0.313442,0.924860
-0.031500,1.000000,1.000000,-0.202720,-0.276695,0.939332,0.031500,1.000000,1.000000,0.218899,-0.313389,0.924051
-0.031500,1.000000,1.000000,-0.202720,-0.276695,0.939332,0.031500,1.000000,1.000000,0.221480,-0.320874,0.920862
-0.031500,1.000000,1.000000,-0.190938,-0.288078,0.938378,0.031500,1.000000,1.000000,0.414746,-0.627015,0.659422
-0.031500,1.000000,1.000000,-0.190281,-0.294518,0.936511,0.031500,1.000000,1.000000,0.646879,-0.649217,0.400081
-0.031500,1.000000,1.000000,-0.193461,-0.298222,0.934685,0.031500,1.000000,1.000000,0.628923,-0.663013,0.406041
-0.031500,1.000000,1.000000,-0.189891,-0.298268,0.935403,0.031500,1.000000,1.000000,0.555307,-0.582935,0.593145
-0.031500,1.000000,1.000000,-0.189495,-0.302020,0.934278,0.031500,1.000000,1.000000,0.391428,-0.130891,0.910852
-0.031500,1.000000,1.000000,-0.185920,-0.302064,0.934982,0.031500,1.000000,1.000000,0.247629,-0.197215,0.948571
-0.031500,1.000000,1.000000,-0.185516,-0.305818,0.933841,0.031500,1.000000,1.000000,0.226849,-0.197817,0.953629
-0.031500,1.000000,1.000000,-0.205484,-0.404600,0.891109,0.031500,1.000000,1.000000,0.229749,-0.205139,0.951385
-0.031500,1.000000,1.000000,-0.201865,-0.404613,0.891930,0.031500,1.000000,1.000000,0.213465,-0.328521,0.920058
-0.031500,1.000000,1.000000,-0.201865,-0.404613,0.891930,0.031500,1.000000,1.000000,0.210426,-0.324795,0.922079
-0.031500,1.000000,1.000000,-0.201865,-0.404613,0.891930,0.031500,1.000000,1.000000,0.210910,-0.321025,0.923288
-0.031500,1.000000,1.000000,-0.201865,-0.404613,0.891930,0.031500,1.000000,1.000000,0.210910,-0.321025,0.923288
-0.031500,1.000000,1.000000,-0.198243,-0.404625,0.892736,0.031500,1.000000,1.000000,0.207861,-0.317308,0.925262
-0.031500,1.000000,1.000000,-0.198243,-0.404625,0.892736,0.031500,1.000000,1.000000,0.210910,-0.321025,0.923288
-0.031500,1.000000,1.000000,-0.198243,-0.404625,0.892736,0.031500,1.000000,1.000000,0.210910,-0.321025,0.923288
-0.031500,1.000000,1.000000,-0.176682,-0.377800,0.908873,0.031500,1.000000,1.000000,0.213235,-0.194488,0.957447
-0.031500,1.000000,1.000000,-0.172526,-0.381647,0.908064,0.031500,1.000000,1.000000,0.213512,-0.190787,0.958130
-0.031500,1.000000,1.000000,-0.172526,-0.381647,0.908064,0.031500,1.000000,1.000000,0.209757,-0.194578,0.958197
-0.031500,1.000000,1.000000,-0.172526,-0.381647,0.908064,0.031500,1.000000,1.000000,0.209757,-0.194578,0.958197
-0.031500,1.000000,1.000000,-0.176152,-0.381630,0.907375,0.031500,1.000000,1.000000,0.210035,-0.190879,0.958880
-0.031500,1.000000,1.000000,-0.172526,-0.381647,0.908064,0.031500,1.000000,1.000000,0.210035,-0.190879,0.958880
-0.031500,1.000000,1.000000,-0.176152,-0.381630,0.907375,0.031500,1.000000,1.000000,0.210035,-0.190879,0.958880
-0.031500,1.000000,1.000000,-0.179775,-0.381611,0.906672,0.031500,1.000000,1.000000,0.204431,-0.287404,0.935739
-0.031500,1.000000,1.000000,-0.179775,-0.381611,0.906672,0.031500,1.000000,1.000000,0.200912,-0.287462,0.936483
-0.031500,1.000000,1.000000,-0.179775,-0.381611,0.906672,0.031500,1.000000,1.000000,0.201339,-0.283725,0.937530
-0.031500,1.000000,1.000000,-0.179241,-0.385447,0.905154,0.031500,1.000000,1.000000,0.201339,-0.283725,0.937530
-0.031500,1.000000,1.000000,-0.174632,-0.385468,0.906045,0.031500,1.000000,1.000000,0.197820,-0.283783,0.938261
-0.031500,1.000000,1.000000,-0.175167,-0.381635,0.907564,0.031500,1.000000,1.000000,0.201339,-0.283725,0.937530
-0.031500,1.000000,1.000000,-0.175167,-0.381635,0.907564,0.031500,1.000000,1.000000,0.205274,-0.279930,0.937818
-0.031500,1.000000,1.000000,-0.171801,-0.253795,0.951878,0.031500,1.000000,1.000000,0.205101,-0.209466,0.956063
-0.031500,1.000000,1.000000,-0.175697,-0.250026,0.952165,0.031500,1.000000,1.000000,0.205101,-0.209466,0.956063
-0.031500,1.000000,1.000000,-0.175697,-0.250026,0.952165,0.031500,1.000000,1.000000,0.197810,-0.213329,0.956745
-0.031500,1.000000,1.000000,-0.172134,-0.250081,0.952801,0.031500,1.000000,1.000000,0.194314,-0.213408,0.957444
-0.031500,1.000000,1.000000,-0.177909,-0.264848,0.947736,0.031500,1.000000,1.000000,0.187313,-0.213560,0.958804
-0.031500,1.000000,1.000000,-0.195776,-0.362410,0.911225,0.031500,1.000000,1.000000,0.182429,-0.217352,0.958894
-0.031500,1.000000,1.000000,-0.198397,-0.370025,0.907590,0.031500,1.000000,1.000000,0.178918,-0.217423,0.959539
-0.031500,1.000000,1.000000,-0.129775,-0.280295,0.951101,0.031500,1.000000,1.000000,0.179554,-0.336460,0.924421
-0.031500,1.000000,1.000000,-0.133776,-0.276540,0.951646,0.031500,1.000000,1.000000,0.179554,-0.336460,0.924421
-0.031500,1.000000,1.000000,-0.134161,-0.272824,0.952664,0.031500,1.000000,1.000000,0.183114,-0.336422,0.923737
-0.031500,1.000000,1.000000,-0.134161,-0.272824,0.952664,0.031500,1.000000,1.000000,0.187065,-0.276510,0.942629
-0.031500,1.000000,1.000000,-0.138141,-0.269070,0.953162,0.031500,1.000000,1.000000,0.199296,-0.224381,0.953905
-0.031500,1.000000,1.000000,-0.138141,-0.269070,0.953162,0.031500,1.000000,1.000000,0.188788,-0.224604,0.955987
-0.031500,1.000000,1.000000,-0.138141,-0.269070,0.953162,0.031500,1.000000,1.000000,0.168367,-0.217629,0.961400
-0.031500,1.000000,1.000000,-0.141738,-0.269030,0.952645,0.031500,1.000000,1.000000,0.147513,-0.214318,0.965561
-0.031500,1.000000,1.000000,-0.257177,-0.358052,0.897585,0.031500,1.000000,1.000000,0.144302,-0.210694,0.966843
-0.031500,1.000000,1.000000,-0.234810,-0.365923,0.900536,0.031500,1.000000,1.000000,0.148486,-0.203271,0.967798
-0.031500,1.000000,1.000000,-0.200648,-0.380318,0.902828,0.031500,1.000000,1.000000,0.198003,-0.303521,0.932025
-0.031500,1.000000,1.000000,-0.179475,-0.376625,0.908814,0.031500,1.000000,1.000000,0.198456,-0.299770,0.933142
-0.031500,1.000000,1.000000,-0.172749,-0.372851,0.911669,0.031500,1.000000,1.000000,0.209028,-0.299614,0.930880
-0.031500,1.000000,1.000000,-0.158758,-0.369128,0.915719,0.031500,1.000000,1.000000,0.256226,-0.283774,0.924024
-0.031500,1.000000,1.000000,-0.159062,-0.308797,0.937733,0.031500,1.000000,1.000000,0.427699,-0.648556,0.629641
-0.031500,1.000000,1.000000,-0.251611,-0.403152,0.879864,0.031500,1.000000,1.000000,0.481551,-0.686633,0.544650
-0.031500,1.000000,1.000000,-0.205250,-0.399515,0.893454,0.031500,1.000000,1.000000,0.517873,-0.674731,0.525876
-0.031500,1.000000,1.000000,-0.168958,-0.399671,0.900953,0.031500,1.000000,1.000000,0.496030,-0.672782,0.548926
-0.031500,1.000000,1.000000,-0.168958,-0.399671,0.900953,0.031500,1.000000,1.000000,0.171504,-0.288939,0.941860
-0.031500,1.000000,1.000000,-0.164742,-0.403534,0.900011,0.031500,1.000000,1.000000,0.182916,-0.311212,0.932571
-0.031500,1.000000,1.000000,-0.164742,-0.403534,0.900011,0.031500,1.000000,1.000000,0.199374,-0.371510,0.906769
-0.031500,1.000000,1.000000,-0.164742,-0.403534,0.900011,0.031500,1.000000,1.000000,0.219249,-0.425365,0.878063
-0.031500,1.000000,1.000000,-0.164742,-0.403534,0.900011,0.031500,1.000000,1.000000,0.234477,-0.460731,0.856007
-0.031500,1.000000,1.000000,-0.189735,0.044179,0.980841,0.031500,1.000000,1.000000,0.243569,-0.488729,0.837746
-0.031500,1.000000,1.000000,-0.189735,0.044179,0.980841,0.031500,1.000000,1.000000,0.247578,-0.504935,0.826889
-0.031500,1.000000,1.000000,-0.189735,0.044179,0.980841,0.031500,1.000000,1.000000,0.183327,-0.159349,0.970051
-0.031500,1.000000,1.000000,-0.193234,0.044335,0.980151,0.031500,1.000000,1.000000,0.183327,-0.159349,0.970051
-0.031500,1.000000,1.000000,-0.189735,0.044179,0.980841,0.031500,1.000000,1.000000,0.179834,-0.159435,0.970691
-0.031500,1.000000,1.000000,-0.183063,-0.001210,0.983100,0.031500,1.000000,1.000000,0.176338,-0.159520,0.971318
-0.031500,1.000000,1.000000,-0.156485,-0.175596,0.971946,0.031500,1.000000,1.000000,0.176338,-0.159520,0.971318
-0.031500,1.000000,1.000000,-0.162917,-0.438428,0.883877,0.031500,1.000000,1.000000,0.176338,-0.159520,0.971318
-0.031500,1.000000,1.000000,-0.162917,-0.438428,0.883877,0.031500,1.000000,1.000000,0.172839,-0.159602,0.971933
-0.031500,1.000000,1.000000,-0.162917,-0.438428,0.883877,0.031500,1.000000,1.000000,0.172839,-0.159602,0.971933
-0.031500,1.000000,1.000000,-0.162269,-0.442336,0.882048,0.031500,1.000000,1.000000,0.169337,-0.159684,0.972536
-0.031500,1.000000,1.000000,-0.162269,-0.442336,0.882048,0.031500,1.000000,1.000000,0.169337,-0.159684,0.972536
-0.031500,1.000000,1.000000,-0.162269,-0.442336,0.882048,0.031500,1.000000,1.000000,0.177760,-0.188930,0.965767
-0.031500,1.000000,1.000000,-0.162269,-0.442336,0.882048,0.031500,1.000000,1.000000,0.174254,-0.189006,0.966391
-0.031500,1.000000,1.000000,-0.162269,-0.442336,0.882048,0.031500,1.000000,1.000000,0.174254,-0.189006,0.966391
-0.031500,1.000000,1.000000,-0.155050,-0.419003,0.894649,0.031500,1.000000,1.000000,0.173968,-0.192694,0.965714
-0.031500,1.000000,1.000000,-0.155050,-0.419003,0.894649,0.031500,1.000000,1.000000,0.173968,-0.192694,0.965714
-0.031500,1.000000,1.000000,-0.155659,-0.415134,0.896345,0.031500,1.000000,1.000000,0.173676,-0.196383,0.965024
-0.031500,1.000000,1.000000,-0.155659,-0.415134,0.896345,0.031500,1.000000,1.000000,0.173676,-0.196383,0.965024
-0.031500,1.000000,1.000000,-0.151995,-0.415142,0.896970,0.031500,1.000000,1.000000,0.317672,-0.158436,0.934870
-0.031500,1.000000,1.000000,-0.155659,-0.415134,0.896345,0.031500,1.000000,1.000000,0.327533,-0.165482,0.930235
-0.031500,1.000000,1.000000,-0.155659,-0.415134,0.896345,0.031500,1.000000,1.000000,0.342849,-0.130999,0.930212
-0.031500,1.000000,1.000000,-0.324757,-0.390947,0.861216,0.031500,1.000000,1.000000,0.342520,-0.138524,0.929242
-0.031500,1.000000,1.000000,-0.334134,-0.402627,0.852201,0.031500,1.000000,1.000000,0.349177,-0.141938,0.926245
-0.031500,1.000000,1.000000,-0.347087,-0.414374,0.841323,0.031500,1.000000,1.000000,0.355471,-0.152894,0.922098
-0.031500,1.000000,1.000000,-0.343965,-0.410439,0.844528,0.031500,1.000000,1.000000,0.355093,-0.160435,0.920961
-0.031500,1.000000,1.000000,-0.351601,-0.406439,0.843317,0.031500,1.000000,1.000000,0.361535,-0.167644,0.917163
-0.031500,1.000000,1.000000,-0.348014,-0.406465,0.844791,0.031500,1.000000,1.000000,0.199677,-0.344910,0.917151
-0.031500,1.000000,1.000000,0.222088,-0.780761,0.584028,0.031500,1.000000,1.000000,0.306560,0.212474,0.927834
-0.031500,1.000000,1.000000,-0.017478,-0.356110,0.934280,0.031500,1.000000,1.000000,0.261462,0.279509,0.923857
-0.031500,1.000000,1.000000,-0.004985,-0.486864,0.873463,0.031500,1.000000,1.000000,0.227471,0.329517,0.916338
-0.031500,1.000000,1.000000,0.040047,-0.583123,0.811396,0.031500,1.000000,1.000000,0.190220,0.360162,0.913291
-0.031500,1.000000,1.000000,-0.095974,-0.462242,0.881545,0.031500,1.000000,1.000000,0.181352,0.399690,0.898532
-0.031500,1.000000,1.000000,-0.089620,-0.382355,0.919659,0.031500,1.000000,1.000000,0.146241,0.420955,0.895215
-0.031500,1.000000,1.000000,-0.163563,-0.370275,0.914409,0.031500,1.000000,1.000000,0.120447,0.439034,0.890361
-0.031500,1.000000,1.000000,-0.188074,-0.342277,0.920584,0.031500,1.000000,1.000000,0.115042,0.449422,0.885881
-0.031500,1.000000,1.000000,-0.097303,-0.266352,0.958952,0.031500,1.000000,1.000000,0.099656,0.471147,0.876407
-0.031500,1.000000,1.000000,-0.205506,-0.296773,0.932573,0.031500,1.000000,1.000000,0.110692,0.475243,0.872864
-0.031500,1.000000,1.000000,-0.078986,-0.347594,0.934312,0.031500,1.000000,1.000000,0.073308,0.487439,0.870074
-0.031500,1.000000,1.000000,-0.169460,-0.206200,0.963725,0.031500,1.000000,1.000000,0.089620,0.492534,0.865667
-0.031500,1.000000,1.000000,-0.191791,-0.207655,0.959216,0.031500,1.000000,1.000000,0.068937,0.500767,0.862833
-0.031500,1.000000,1.000000,-0.149970,-0.157832,0.976011,0.031500,1.000000,1.000000,0.060712,0.509730,0.858189
-0.031500,1.000000,1.000000,-0.056217,-0.250040,0.966602,0.031500,1.000000,1.000000,0.044767,0.515475,0.855734
-0.031500,1.000000,1.000000,-0.070324,-0.216761,0.973689,0.031500,1.000000,1.000000,0.048008,0.520885,0.852276
-0.031500,1.000000,1.000000,-0.329924,0.108236,0.937782,0.031500,1.000000,1.000000,0.042058,0.516549,0.855224
-0.031500,1.000000,1.000000,-0.179577,-0.092192,0.979414,0.031500,1.000000,1.000000,0.058366,0.539329,0.840070
-0.031500,1.000000,1.000000,-0.175464,-0.078522,0.981349,0.031500,1.000000,1.000000,0.034689,0.528656,0.848127
-0.031500,1.000000,1.000000,-0.155012,-0.083227,0.984401,0.031500,1.000000,1.000000,0.024339,0.540747,0.840833
-0.031500,1.000000,1.000000,-0.164972,-0.055050,0.984761,0.031500,1.000000,1.000000,0.019381,0.540782,0.840939
-0.031500,1.000000,1.000000,-0.164942,-0.052178,0.984922,0.031500,1.000000,1.000000,0.022932,0.542879,0.839498
-0.031500,1.000000,1.000000,-0.121355,-0.018294,0.992441,0.031500,1.000000,1.000000,0.029614,0.523152,0.851724
-0.031500,1.000000,1.000000,-0.159619,-0.016957,0.987033,0.031500,1.000000,1.000000,0.011179,0.548337,0.836182
-0.031500,1.000000,1.000000,-0.159622,-0.017866,0.987016,0.031500,1.000000,1.000000,0.006989,0.551628,0.834061
-0.031500,1.000000,1.000000,-0.154550,-0.018543,0.987811,0.031500,1.000000,1.000000,-0.000708,0.557012,0.830504
-0.031500,1.000000,1.000000,-0.143024,-0.015199,0.989603,0.031500,1.000000,1.000000,0.007307,0.557003,0.830478
-0.031500,1.000000,1.000000,-0.034059,-0.084936,0.995804,0.031500,1.000000,1.000000,0.000120,0.547191,0.837008
-0.031500,1.000000,1.000000,-0.146842,-0.008774,0.989121,0.031500,1.000000,1.000000,-0.003616,0.565645,0.824641
-0.031500,1.000000,1.000000,-0.037762,-0.082056,0.995912,0.031500,1.000000,1.000000,-0.005294,0.562370,0.826869
-0.031500,1.000000,1.000000,-0.158386,0.015016,0.987263,0.031500,1.000000,1.000000,-0.009293,0.562360,0.826840
-0.031500,1.000000,1.000000,-0.120138,0.020227,0.992551,0.031500,1.000000,1.000000,0.006740,0.549287,0.835606
-0.031500,1.000000,1.000000,-0.135371,0.015087,0.990680,0.031500,1.000000,1.000000,-0.012169,0.570968,0.820882
-0.031500,1.000000,1.000000,-0.104968,0.023529,0.994197,0.031500,1.000000,1.000000,-0.007377,0.574254,0.818644
-0.031500,1.000000,1.000000,-0.045005,-0.058206,0.997290,0.031500,1.000000,1.000000,0.007855,0.557911,0.829863
-0.031500,1.000000,1.000000,-0.149506,0.024745,0.988451,0.031500,1.000000,1.000000,-0.014616,0.564420,0.825359
-0.031500,1.000000,1.000000,-0.119078,0.047145,0.991765,0.031500,1.000000,1.000000,0.001279,0.567723,0.823219
-0.031500,1.000000,1.000000,-0.296064,0.239836,0.924567,0.031500,1.000000,1.000000,0.006620,0.573051,0.819493
-0.031500,1.000000,1.000000,-0.145678,0.026827,0.988968,0.031500,1.000000,1.000000,-0.015031,0.566492,0.823930
-0.031500,1.000000,1.000000,-0.157307,0.041106,0.986694,0.031500,1.000000,1.000000,-0.017475,0.559954,0.828339
-0.031500,1.000000,1.000000,-0.111502,0.050186,0.992496,0.031500,1.000000,1.000000,-0.016708,0.563220,0.826138
-0.031500,1.000000,1.000000,-0.145770,0.040710,0.988481,0.031500,1.000000,1.000000,-0.023136,0.569705,0.821524
-0.031500,1.000000,1.000000,-0.107888,0.067743,0.991852,0.031500,1.000000,1.000000,-0.008047,0.569782,0.821756
-0.031500,1.000000,1.000000,-0.103978,0.056875,0.992952,0.031500,1.000000,1.000000,-0.004037,0.569790,0.821780
-0.031500,1.000000,1.000000,-0.107768,0.056764,0.992554,0.031500,1.000000,1.000000,-0.024862,0.582759,0.812265
-0.031500,1.000000,1.000000,-0.161338,0.058448,0.985167,0.031500,1.000000,1.000000,-0.034424,0.576130,0.816633
-0.031500,1.000000,1.000000,-0.111674,0.066759,0.991500,0.031500,1.000000,1.000000,-0.024808,0.566427,0.823738
-0.031500,1.000000,1.000000,-0.153544,0.050541,0.986848,0.031500,1.000000,1.000000,-0.030831,0.578222,0.815297
-0.031500,1.000000,1.000000,-0.157473,0.057725,0.985835,0.031500,1.000000,1.000000,-0.007630,0.575107,0.818042
-0.031500,1.000000,1.000000,-0.134251,0.036600,0.990271,0.031500,1.000000,1.000000,-0.030831,0.578222,0.815297
-0.031500,1.000000,1.000000,-0.138101,0.040136,0.989605,0.031500,1.000000,1.000000,-0.026841,0.578260,0.815411
-0.031500,1.000000,1.000000,-0.165188,0.057377,0.984592,0.031500,1.000000,1.000000,-0.042866,0.581340,0.812531
-0.031500,1.000000,1.000000,-0.149700,0.050706,0.987430,0.031500,1.000000,1.000000,-0.014143,0.568564,0.822517
-0.031500,1.000000,1.000000,-0.165222,0.060154,0.984420,0.031500,1.000000,1.000000,-0.043649,0.578065,0.814822
-0.031500,1.000000,1.000000,-0.131768,0.050538,0.989992,0.031500,1.000000,1.000000,-0.038888,0.581393,0.812693
-0.031500,1.000000,1.000000,-0.109176,0.073272,0.991318,0.031500,1.000000,1.000000,-0.038888,0.581393,0.812693
-0.031500,1.000000,1.000000,-0.302694,0.257144,0.917744,0.031500,1.000000,1.000000,-0.040555,0.578108,0.814952
-0.031500,1.000000,1.000000,-0.147042,0.046250,0.988048,0.031500,1.000000,1.000000,-0.021428,0.575041,0.817844
-0.031500,1.000000,1.000000,-0.120628,0.076564,0.989741,0.031500,1.000000,1.000000,-0.038150,0.571616,0.819634
-0.031500,1.000000,1.000000,-0.154797,0.053274,0.986509,0.031500,1.000000,1.000000,-0.041340,0.574835,0.817224
-0.031500,1.000000,1.000000,-0.151116,0.067225,0.986228,0.031500,1.000000,1.000000,-0.034472,0.586750,0.809034
-0.031500,1.000000,1.000000,-0.155011,0.070722,0.985378,0.031500,1.000000,1.000000,-0.019327,0.567343,0.823255
-0.031500,1.000000,1.000000,-0.147228,0.063723,0.987048,0.031500,1.000000,1.000000,-0.048091,0.583304,0.810829
-0.031500,1.000000,1.000000,-0.143270,0.052876,0.988270,0.031500,1.000000,1.000000,-0.020992,0.580355,0.814093
-0.031500,1.000000,1.000000,-0.154869,0.059728,0.986128,0.031500,1.000000,1.000000,-0.029791,0.577023,0.816184
-0.031500,1.000000,1.000000,-0.109212,0.076049,0.991105,0.031500,1.000000,1.000000,-0.022616,0.573829,0.818663
-0.031500,1.000000,1.000000,-0.143349,0.060215,0.987839,0.031500,1.000000,1.000000,-0.044117,0.583365,0.811011
-0.031500,1.000000,1.000000,-0.147143,0.056388,0.987507,0.031500,1.000000,1.000000,-0.021666,0.544577,0.838431
-0.031500,1.000000,1.000000,-0.015040,-0.036771,0.999211,0.031500,1.000000,1.000000,-0.051269,0.586513,0.808315
-0.031500,1.000000,1.000000,-0.049473,0.116373,0.991973,0.031500,1.000000,1.000000,-0.047359,0.573541,0.817807
-0.031500,1.000000,1.000000,-0.109354,0.086106,0.990266,0.031500,1.000000,1.000000,-0.030676,0.577014,0.816158
-0.031500,1.000000,1.000000,-0.113099,0.082350,0.990165,0.031500,1.000000,1.000000,-0.043396,0.573601,0.817984
-0.031500,1.000000,1.000000,-0.117012,0.089510,0.989089,0.031500,1.000000,1.000000,-0.031478,0.573750,0.818426
-0.031500,1.000000,1.000000,-0.151104,0.066336,0.986290,0.031500,1.000000,1.000000,-0.027392,0.590083,0.806878
-0.031500,1.000000,1.000000,-0.060674,0.112600,0.991786,0.031500,1.000000,1.000000,-0.025873,0.580317,0.813980
-0.031500,1.000000,1.000000,-0.151058,0.062673,0.986536,0.031500,1.000000,1.000000,-0.029866,0.580280,0.813869
-0.031500,1.000000,1.000000,-0.118172,0.085833,0.989277,0.031500,1.000000,1.000000,-0.025110,0.567300,0.823128
-0.031500,1.000000,1.000000,-0.125683,0.078290,0.988976,0.031500,1.000000,1.000000,-0.056893,0.583152,0.810369
-0.031500,1.000000,1.000000,-0.133316,0.078017,0.987998,0.031500,1.000000,1.000000,-0.037923,0.567165,0.822731
-0.031500,1.000000,1.000000,-0.163928,0.069430,0.984026,0.031500,1.000000,1.000000,-0.048217,0.589825,0.806090
-0.031500,1.000000,1.000000,-0.125848,0.089220,0.988029,0.031500,1.000000,1.000000,-0.054589,0.579934,0.812832
-0.031500,1.000000,1.000000,-0.122036,0.089348,0.988496,0.031500,1.000000,1.000000,-0.053798,0.583208,0.810539
-0.031500,1.000000,1.000000,-0.160022,0.065943,0.984908,0.031500,1.000000,1.000000,-0.028369,0.557515,0.829682
-0.031500,1.000000,1.000000,-0.171825,0.080046,0.981870,0.031500,1.000000,1.000000,-0.031560,0.577005,0.816131
-0.031500,1.000000,1.000000,-0.136947,0.063251,0.988557,0.031500,1.000000,1.000000,-0.035541,0.576961,0.815998
-0.031500,1.000000,1.000000,-0.156172,0.066116,0.985515,0.031500,1.000000,1.000000,-0.028369,0.557515,0.829682
-0.031500,1.000000,1.000000,-0.160124,0.073266,0.984374,0.031500,1.000000,1.000000,-0.033093,0.586765,0.809081
-0.031500,1.000000,1.000000,-0.156172,0.066116,0.985515,0.031500,1.000000,1.000000,-0.037084,0.586719,0.808941
-0.031500,1.000000,1.000000,-0.160179,0.076923,0.984086,0.031500,1.000000,1.000000,-0.038264,0.585481,0.809782
-0.031500,1.000000,1.000000,-0.156272,0.073437,0.984980,0.031500,1.000000,1.000000,-0.033446,0.588794,0.807591
-0.031500,1.000000,1.000000,-0.160022,0.065943,0.984908,0.031500,1.000000,1.000000,-0.050197,0.585306,0.809257
-0.031500,1.000000,1.000000,-0.121873,0.078421,0.989443,0.031500,1.000000,1.000000,-0.061293,0.588358,0.806274
-0.031500,1.000000,1.000000,-0.152326,0.066284,0.986105,0.031500,1.000000,1.000000,-0.050197,0.585306,0.809257
-0.031500,1.000000,1.000000,-0.156272,0.073437,0.984980,0.031500,1.000000,1.000000,-0.052585,0.575504,0.816107
-0.031500,1.000000,1.000000,-0.144561,0.059279,0.987719,0.031500,1.000000,1.000000,-0.055755,0.578699,0.813633
-0.031500,1.000000,1.000000,-0.156172,0.066116,0.985515,0.031500,1.000000,1.000000,-0.057329,0.588435,0.806509
-0.031500,1.000000,1.000000,-0.122081,0.092108,0.988237,0.031500,1.000000,1.000000,-0.042918,0.598449,0.800010
-0.031500,1.000000,1.000000,-0.144685,0.069380,0.987042,0.031500,1.000000,1.000000,-0.031960,0.562798,0.825976
-0.031500,1.000000,1.000000,-0.152315,0.065395,0.986166,0.031500,1.000000,1.000000,-0.061293,0.588358,0.806274
-0.031500,1.000000,1.000000,-0.058232,0.119003,0.991185,0.031500,1.000000,1.000000,-0.035046,0.549781,0.834573
-0.031500,1.000000,1.000000,-0.160111,0.072373,0.984442,0.031500,1.000000,1.000000,-0.051001,0.582038,0.811561
-0.031500,1.000000,1.000000,-0.122022,0.088471,0.988576,0.031500,1.000000,1.000000,-0.072420,0.594630,0.800731
-0.031500,1.000000,1.000000,-0.164079,0.079509,0.983238,0.031500,1.000000,1.000000,-0.062951,0.585067,0.808538
-0.031500,1.000000,1.000000,-0.160165,0.076030,0.984158,0.031500,1.000000,1.000000,-0.044742,0.578884,0.814182
-0.031500,1.000000,1.000000,-0.152362,0.069055,0.985909,0.031500,1.000000,1.000000,-0.064498,0.594809,0.801276
-0.031500,1.000000,1.000000,-0.148521,0.069220,0.986484,0.031500,1.000000,1.000000,-0.036794,0.578992,0.814503
-0.031500,1.000000,1.000000,-0.148474,0.065560,0.986741,0.031500,1.000000,1.000000,-0.038410,0.572468,0.819027
-0.031500,1.000000,1.000000,-0.054416,0.115447,0.991822,0.031500,1.000000,1.000000,-0.058993,0.585147,0.808779
-0.031500,1.000000,1.000000,-0.118273,0.092233,0.988688,0.031500,1.000000,1.000000,-0.064498,0.594809,0.801276
-0.031500,1.000000,1.000000,-0.152362,0.069055,0.985909,0.031500,1.000000,1.000000,-0.055798,0.565693,0.822726
-0.031500,1.000000,1.000000,-0.152466,0.076368,0.985354,0.031500,1.000000,1.000000,-0.058993,0.585147,0.808779
-0.031500,1.000000,1.000000,-0.167830,0.072014,0.983182,0.031500,1.000000,1.000000,-0.039956,0.582205,0.812060
-0.031500,1.000000,1.000000,-0.148521,0.069220,0.986484,0.031500,1.000000,1.000000,-0.061344,0.591615,0.803884
